"time","velocity","acceleration","pose__translation__x","pose__translation__y","pose__rotation__radians","curvature"
"0.0","0.0","9.33","10.537387817378068","-18.683677284787507","0.029403288204005115","0.0"
"0.08014209742815748","0.7477257690047092","9.329999999999997","10.567325702770255","-18.682471551273075","0.06151104053558217","2.078160214665526"
"0.09834710668282856","0.9175785053507903","9.329999999999977","10.582436225428177","-18.68126722403683","0.09972164090120321","2.9348784301169597"
"0.11389566403163398","1.0626465454151446","9.329999999999997","10.597712485956421","-18.67936029203016","0.15039003518555757","3.6111792909187233"
"0.127858895187293","1.192923492097443","9.329999999999975","10.613205052468759","-18.676538083553375","0.21118952797822502","4.068383701086416"
"0.14081760477125366","1.3138282525157958","9.329999999999993","10.628962180034483","-18.67259856004952","0.2793828471219272","4.285380961056027"
"0.15314369436620387","1.4288306684366812","9.330000000000009","10.645029846680062","-18.667350142630887","0.35200493780663616","4.268879577496837"
"0.16510021619927193","1.5403850171392062","9.32999999999999","10.661451789390771","-18.660611538605565","0.4261374625054168","4.055201700513052"
"0.17688369808792523","1.6503249031603413","9.330000000000002","10.67826954011234","-18.652211568003953","0.4991973426278494","3.7014644202551112"
"0.18864429917084874","1.7600513112640177","9.33000000000002","10.695522461752597","-18.641988990105297","0.5691508157496765","3.2706334755870636"
"0.20049670000448575","1.8706342110418512","9.329999999999977","10.713247784183105","-18.62979232996421","0.6346019391604066","2.8178519742775436"
"0.21252701624058673","1.9828770615246731","9.329999999999984","10.731480640240807","-18.615479704937222","0.6947603219670356","2.3829378663289407"
"0.22479795690658025","2.0973649379383925","9.329999999999977","10.75025410172967","-18.598918651209285","0.7493309528266993","1.9893959834808042"
"0.23735310216126804","2.2145044431646292","9.330000000000005","10.769599215422327","-18.57998595032031","0.7983762163793944","1.6474643179550403"
"0.2634110637634648","2.457625224913125","9.33000000000001","10.810118677362727","-18.5345579191529","0.8811773536161639","1.1185131183799617"
"0.2908025349170149","2.713187650775748","9.330000000000018","10.853248267678765","-18.47838817886164","0.9465746238261383","0.7610708494088809"
"0.3195008706698926","2.980943123350097","9.330000000000007","10.89916713159095","-18.410806120250427","0.9982114323723682","0.5245012153537542"
"0.3494135550307154","3.2600284684365746","9.33","10.948025469976082","-18.331272406349328","1.0392083894215272","0.3677966438319496"
"0.38041570121568585","3.549278492342349","9.330000000000004","10.999945691419827","-18.23937342126351","1.072018705738723","0.26276917162331326"
"0.4123698221365816","3.847410440534306","9.329999999999982","11.055023564269247","-18.13481571902219","1.098503955896776","0.1911825830447175"
"0.42866056065415625","3.9994030309032773","9.33000000000003","11.083769546652235","-18.07772963996236","1.10982563206323","0.16412512359519715"
"0.44513735566481","4.153131528352677","9.330000000000004","11.113329368685367","-18.017420472427535","1.120059559235272","0.14146159322463217"
"0.4617835509800303","4.308440530643683","9.330000000000023","11.143708021868326","-17.953882861465537","1.1293263469429862","0.12238693844978389"
"0.47858294263319007","4.465178854767664","9.330000000000016","11.174909048695731","-17.88711792190362","1.1377306315754203","0.10625630343832976"
"0.4955198189343772","4.62319991065774","9.329999999999968","11.206934578658794","-17.81713306487499","1.145363361925577","0.0925513090585681"
"0.5125789819165429","4.782361901281346","9.329999999999979","11.239785364246947","-17.743941824345345","1.1523037530036075","0.08085362330365967"
"0.529745755251848","4.942527896499742","9.33000000000001","11.273460816949493","-17.66756368363939","1.1586209501105433","0.07082426624739546"
"0.5470059824830018","5.103565816566408","9.330000000000023","11.307959043257245","-17.588023901967375","1.1643754433033953","0.06218739651186882"
"0.5643460184650991","5.265348352279377","9.330000000000013","11.343276880664169","-17.50535334095163","1.169620268739338","0.05471758838194789"
"0.5817527161865664","5.427752842020667","9.33000000000003","11.379409933669027","-17.41958829115307","1.1744020290935302","0.04822982444484419"
"0.5992134105834089","5.590661120743208","9.330000000000009","11.416352609777022","-17.330770298597756","1.1787617609193966","0.0425716012907181"
"0.6167159005395975","5.753959352034447","9.329999999999995","11.454098155501432","-17.238945991303403","1.1827356727756824","0.03761668163271384"
"0.6342484299471918","5.917537851407302","9.33000000000002","11.49263869236526","-17.144166905805914","1.1863557743196758","0.03326013191921262"
"0.6517996684588009","6.081290906720616","9.329999999999966","11.531965252902873","-17.04648931368591","1.1896504134008503","0.029414366265544056"
"0.6693586923836403","6.245116599939368","9.330000000000016","11.572067816661647","-16.945974048095263","1.1926447354718919","0.02600598053312778"
"0.6869149660425781","6.408916633177258","9.329999999999991","11.612935346203603","-16.842686330283616","1.1953610773272048","0.02297320885735804"
"0.704458323796226","6.572596161018793","9.329999999999991","11.65455582310706","-16.736695596124918","1.1978193052351607","0.020263872216241197"
"0.7219789528849972","6.7360636304170285","9.330000000000018","11.696916283968266","-16.62807532264395","1.2000371059003556","0.01783371734518935"
"0.7394673771647646","6.899230628947258","9.329999999999986","11.740002856403045","-16.51690285454287","1.202030237329518","0.01564506644862357"
"0.7569144417814249","7.062011741820697","9.329999999999979","11.783800795048442","-16.40325923072771","1.2038127455375647","0.013665715275990946"
"0.7743112987986419","7.224324417791332","9.329999999999957","11.828294517564366","-16.28722901083493","1.2053971520820124","0.011868030394464707"
"0.7916493937724991","7.3860888438974195","9.330000000000043","11.87346764063522","-16.168900101757952","1.206794616623195","0.010228206799542231"
"0.8002938098152216","7.466741245576021","9.329999999999943","11.896303647435666","-16.108901982254412","1.2074263957623455","0.009460947687268203"
"0.808920454047551","7.547227836263653","9.329999999999904","11.919303015971561","-16.04836358417366","1.2080150780479495","0.008725655041303826"
"0.8175283342961799","7.62753935898336","9.329999999999954","11.942463489086077","-15.987296760043485","1.2085617352142441","0.0080201743367353"
"0.8261164745464906","7.707666707518759","9.33000000000002","11.965782766311728","-15.925713539068958","1.2090673771433829","0.007342493329321087"
"0.8346839146264738","7.7876009234650025","9.330000000000009","11.98925850499542","-15.863626121711391","1.2095329548634122","0.0066907305892324916"
"0.8432297099031585","7.86733319339647","9.329999999999963","12.012888321423496","-15.801046874267287","1.2099593633464978","0.0060631250109971155"
"0.8517529309912326","7.946854846148201","9.330000000000085","12.036669791946796","-15.73798832344729","1.210347444120937","0.005458026206953539"
"0.8602526634735292","8.02615735020803","9.330000000000004","12.060600454105705","-15.674463150955152","1.2106979877094324","0.004873885700883979"
"0.8687280076330615","8.105232311216465","9.330000000000032","12.084677807755202","-15.610484188066668","1.2110117359051449","0.0043092488468421"
"0.8771780781962815","8.184071469571307","9.33000000000002","12.108899316189916","-15.546064410208652","1.211289383896145","0.0037627474056391055"
"0.8856020040872598","8.262666698134135","9.329999999999947","12.133262407269171","-15.481216931537876","1.211531582248067","0.003233092718102148"
"0.8939989281924696","8.341010000035743","9.329999999999993","12.157764474542045","-15.415954999520022","1.211738938754021","0.002719069420162916"
"0.9023680071358792","8.419093506577754","9.330000000000094","12.182402878372413","-15.350291989508651","1.211912020160126","0.002219529650148091"
"0.91070841106406","8.496909475227682","9.330000000000165","12.207174947064006","-15.284241399324141","1.212051353774388","0.0017333877034031442"
"0.9190193234410218","8.574450287704737","9.329999999999961","12.232077977985456","-15.21781684383265","1.2121574289660677","0.0012596150936400531"
"0.9272999408525022","8.65170844815385","9.330000000000009","12.257109238695355","-15.151032049525075","1.2122306985621383","0.000797235984219149"
"0.9355494728194411","8.72867658140539","9.329999999999863","12.282265968067296","-15.083900849095984","1.2122715801469364","0.000345322956002108"
"0.9437671416203781","8.80534743131813","9.329999999999826","12.307545377414932","-15.0164371760226","1.212280457270651","-9.70069185133406E-05"
"0.9519521821225295","8.881713859203202","9.32999999999992","12.332944651617028","-14.948655059143732","1.2122576805718737","-0.000530595722305638"
"0.9601038416212974","8.957768842326706","9.329999999999982","12.358460950242506","-14.88056861723874","1.2122035688190391","-0.000956248087233045"
"0.9682213796879854","9.033505472488905","9.330000000000146","12.3840914086755","-14.812192053606486","1.2121184098752236","-0.0013747343565461531"
"0.9763040680254955","9.108916954677875","9.329999999999865","12.409833139240408","-14.743539650644287","1.2120024615904357","-0.0017867935373152928"
"0.9843511903317951","9.183996605795649","9.330000000000117","12.435683232326946","-14.67462576442687","1.2118559526252255","-0.0021931360617745204"
"0.9923620421709474","9.25873785345494","9.33000000000009","12.461638757515187","-14.605464819285327","1.211679083209149","-0.0025944463749576333"
"1.0003359308515174","9.333134234844659","9.32999999999994","12.487696764700631","-14.53607130238607","1.2114720258373595","-0.0029913853645324143"
"1.008272175312158","9.407179395662434","9.329999999999917","12.51385428521924","-14.466459758309785","1.2112349259083584","-0.003384592647423787"
"1.0161701060142083","9.480867089112563","9.32999999999992","12.540108332972501","-14.396644783630375","1.210967902305698","-0.0037746887266224024"
"1.0240290648411272","9.554191174967714","9.32999999999995","12.566455905552463","-14.326641021493938","1.2106710479262306","-0.004162277030502392"
"1.0318484050046104","9.627145618693012","9.329999999999934","12.592893985366807","-14.256463156197688","1.2103444301572939","-0.004547945846005754"
"1.039627490957227","9.699724490630924","9.329999999999908","12.619419540763886","-14.186125907768949","1.2099880913050438","-0.0049322701561772585"
"1.0473656983114454","9.771921965245781","9.329999999999918","12.646029527157772","-14.11564402654407","1.2096020489759798","-0.00531581339174573"
"1.0550624137648983","9.843732320426495","9.330000000000059","12.672720888153322","-14.045032287747402","1.2091862964135451","-0.005699129105738825"
"1.0627170350317647","9.91514993684636","9.329999999999966","12.699490556671211","-13.974305486070254","1.208740802791549","-0.00608276257947893"
"1.070328970780149","9.986169297378785","9.329999999999997","12.726335456073002","-13.903478430249825","1.208265513466014","-0.006467252367728912"
"1.0778976405753313","10.056784986567836","9.330000000000123","12.753252501286184","-13.832565937648187","1.2077603501869394","-0.0068531317902386455"
"1.0854224748287946","10.126991690152648","9.329999999999986","12.780238599929229","-13.761582828831221","1.2072252112713389","-0.007240930376472872"
"1.0929029147529177","10.196784194644716","9.330000000000188","12.807290653436638","-13.690543922147565","1.2066599717388329","-0.007631175269879731"
"1.10033841232124","10.266157386957165","9.33000000000007","12.834405558184006","-13.61946402830759","1.206064483410945","-0.008024392597679604"
"1.107728430234214","10.335106254085213","9.329999999999991","12.861580206613052","-13.548357944962339","1.2054385749751968","-0.008421108811809602"
"1.1150724418903581","10.403625882837037","9.330000000000007","12.888811488356687","-13.477240451282478","1.2047820520149854","-0.008821852006353296"
"1.122369931362733","10.471711459614296","9.330000000000055","12.916096291364065","-13.406126302537261","1.2040946970061777","-0.009227153216504951"
"1.1296203933806734","10.53935827024168","9.330000000000155","12.943431503025622","-13.335030224673481","1.2033762692812704","-0.009637547703868495"
"1.1368233333167066","10.606561699844871","9.33000000000009","12.970814011298138","-13.263966908894414","1.202626504961921","-0.010053576232666155"
"1.1439782671785979","10.673317232776316","9.329999999999856","12.998240705829787","-13.192951006238788","1.2018451168605924","-0.010475786341221245"
"1.1510847216064681","10.739620452588344","9.329999999999902","13.025708479085184","-13.12199712215973","1.201031794352015","-0.010904733612903627"
"1.1581422338749336","10.805467042053127","9.329999999999915","13.053214227470441","-13.051119811103714","1.2001862032151345","-0.011340982950542984"
"1.1651503519002206","10.870852783229054","9.329999999999895","13.080754852458213","-12.980333571089531","1.1993079854461703","-0.011785109858170687"
"1.1721086342522167","10.935773557573176","9.33000000000011","13.108327261712756","-12.909652838287222","1.1983967590434141","-0.012237701733794785"
"1.179016650171419","11.000225346099334","9.32999999999989","13.135928370214973","-12.839091981597047","1.1974521177643456","-0.01269935917678231"
"1.1858739795907498","11.06420422958169","9.330000000000153","13.163555101387466","-12.768665297228445","1.1964736308556763","-0.013170697313285408"
"1.192680213162214","11.127706388803453","9.329999999999973","13.191204388219596","-12.69838700327896","1.1954608427568996","-0.013652347143021831"
"1.1994349522883658","11.19072810485045","9.329999999999972","13.218873174392513","-12.628271234313228","1.1944132727779615","-0.014144956910588615"
"1.2061378091585766","11.253265759449517","9.330000000000037","13.246558415404238","-12.558332035941913","1.1933304147516686","-0.014649193504357153"
"1.2127884067900778","11.315315835351424","9.33000000000005","13.274257079694681","-12.488583359400662","1.1922117366614922","-0.015165743885857312"
"1.2193863790737727","11.376874916758297","9.32999999999988","13.301966149770719","-12.419039056129062","1.1910566802454667","-0.01569531655240991"
"1.225931370824804","11.437939689795419","9.330000000000213","13.329682623331237","-12.349712872349585","1.1898646605769267","-0.016238643035607"
"1.232423037837871","11.498506943027335","9.329999999999954","13.357403514392175","-12.280618443646572","1.1886350656229006","-0.016796479438053076"
"1.2388610469473003","11.558573568018309","9.330000000000032","13.385125854411584","-12.21176928954515","1.1873672557810577","-0.01736960801058563"
"1.24524507609186","11.618136559937053","9.330000000000185","13.41284669341468","-12.143178808090198","1.1860605633962025","-0.017958838771954345"
"1.2515748143843266","11.677193018205767","9.32999999999997","13.440563101118894","-12.074860270425319","1.184714292257405","-0.01856501117268007"
"1.2578499621858108","11.735740147193614","9.329999999999961","13.468272168058915","-12.00682681537176","1.1833277170770142","-0.019188995804506902"
"1.264070231184843","11.793775256954584","9.329999999999874","13.495971006711756","-11.93909144400741","1.1819000829529236","-0.019831696156511473"
"1.2702353444812409","11.851295764009976","9.329999999999954","13.52365675262179","-11.871667014245702","1.1804306048156437","-0.02049405041852229"
"1.2763450366747549","11.90829919217546","9.330000000000023","13.551326565525814","-11.804566235414624","1.1789184668619217","-0.021177033332038533"
"1.282399053958523","11.964783173433018","9.330000000000084","13.578977630478091","-11.737801662835619","1.1773628219768808","-0.021881658088281346"
"1.288397154217335","12.020745448847732","9.32999999999998","13.60660715897541","-11.671385692402577","1.1757627911468767","-0.022608978272389137"
"1.294339107130732","12.076183869529727","9.329999999999753","13.63421239008213","-11.605330555160773","1.1741174628655768","-0.023360089852031543"
"1.300224694280958","12.131096397641336","9.330000000000002","13.661790591555231","-11.53964831188582","1.172425892536055","-0.02413613320787478"
"1.3060537092657785","12.18548110744971","9.33000000000008","13.689339060969374","-11.474350847662636","1.1706871018720602","-0.024938295202362487"
"1.311825957816188","12.239336186425032","9.329999999999949","13.716855126841944","-11.409449866464378","1.168900078302003","-0.0257678112821514"
"1.3175412579190255","12.292659936384506","9.32999999999997","13.744336149758105","-11.344956885731413","1.1670637743796464","-0.02662596760826095"
"1.323199439944516","12.345450774682332","9.330000000000094","13.771779523495844","-11.280883230950266","1.1651771072059525","-0.027514103206518245"
"1.3288003467787572","12.397707235445804","9.330000000000092","13.799182676151041","-11.217240030232574","1.1632389578671127","-0.028433612129191693"
"1.3343438339611693","12.449427970857709","9.330000000000298","13.826543071262495","-11.154038208894036","1.161248170894337","-0.029385945616782802"
"1.3398297698269206","12.50061175248517","9.330000000000076","13.853858208936998","-11.091288484033381","1.1592035537516943","-0.030372614246728814"
"1.345258035654349","12.55125747265508","9.329999999999961","13.88112562697437","-11.029001359111303","1.1571038763589756","-0.03139519005328444"
"1.350628525817386","12.601364145876213","9.33000000000028","13.90834290199252","-10.967187118529413","1.1549478706574003","-0.03245530859997947"
"1.3559411479429875","12.650930910308075","9.329999999999977","13.935507650552495","-10.905855822209231","1.1527342302268495","-0.03355467098282683"
"1.361195823073591","12.699957029276606","9.329999999999805","13.962617530283527","-10.845017300171104","1.150461609964312","-0.03469504573878702"
"1.3663924858345835","12.748441892836665","9.329999999999876","13.989670241008092","-10.784681147113153","1.1481286258342904","-0.035878270629856636"
"1.3715310846067807","12.796385019381265","9.329999999999902","14.016663525866953","-10.72485671699026","1.1457338547031108","-0.03710625426846763"
"1.3766115817039106","12.843786057297487","9.329999999999991","14.043595172444219","-10.665553117593001","1.1432758342703724","-0.03838097754462662"
"1.3816339535550761","12.890644786668862","9.330000000000238","14.07046301389239","-10.606779205126607","1.1407530631122111","-0.039704494809293694"
"1.386598190892178","12.936961121024025","9.330000000000075","14.097264930057413","-10.548543578789902","1.1381640008525826","-0.04107893476187287"
"1.3963522888234963","13.027966854723225","9.329999999999984","14.150662746139341","-10.433720263742693","1.1327806488329617","-0.043989472039461984"
"1.405874102976423","13.116805380770032","9.329999999999908","14.203772636078424","-10.321146619914408","1.127112692533746","-0.04713111494830347"
"1.4151640943003505","13.203480999822274","9.33000000000001","14.256579434361495","-10.210881635718874","1.1211464625881404","-0.05052356143950589"
"1.4242229722364628","13.2880003309662","9.329999999999929","14.309068830575438","-10.102979667047197","1.1148677465240482","-0.05418761386234767"
"1.4330517018394167","13.37037237816176","-2.819129717843688","14.361227405408819","-9.997490263794301","1.108261848586252","-0.05814505116399053"
"1.4416851730974434","13.346033502770107","-9.330000000000034","14.41304266665355","-9.894457996385448","1.1013136734537032","-0.06241842209008625"
"1.4501728471073687","13.266843504257503","-9.33000000000005","14.464503085206506","-9.793922282302814","1.0940078393789832","-0.06703073556151035"
"1.4585282879129","13.188887241541895","-9.330000000000162","14.515598131071195","-9.695917212611912","1.086328827256643","-0.0720050189989696"
"1.4667473656727938","13.112203246042084","-9.329999999999815","14.566318309359374","-9.600471378488274","1.0782611732083622","-0.07736370924043574"
"1.4748263579852439","13.036826247766927","-9.329999999999853","14.616655196292708","-9.507607697743817","1.0697897134358016","-0.08312783398805146"
"1.4827619789590305","12.962786904081499","-9.329999999999819","14.666601475204406","-9.417343241353505","1.0608998912984127","-0.08931593473652641"
"1.490551408301389","12.890111528317295","-9.330000000000018","14.716150972540861","-9.32968905998182","1.0515781377613642","-0.09594267541899333"
"1.4981923202121383","12.818821820190005","-9.329999999999947","14.7652986938633","-9.244650010509247","1.0418123374318047","-0.1030170754418471"
"1.5056829118464778","12.748934600241617","-9.329999999999961","14.814040859849424","-9.162224582558917","1.0315923932211335","-0.11054030270413122"
"1.5130219310808297","12.680461550785115","-9.329999999999838","14.862374942295041","-9.082404725023018","1.020910903043586","-0.11850296352699473"
"1.5202087032877845","12.613408966094228","-9.329999999999941","14.910299700115718","-9.00517567258942","1.009763961629034","-0.12688183477045956"
"1.5272431567990388","12.547777514834227","-9.329999999999963","14.957815215348429","-8.930515772268137","0.9981520991603469","-0.13563600217355157"
"1.5341258467107066","12.483562017958366","-9.329999999999869","15.00492292915318","-8.85839630991787","0.9860813656367695","-0.14470240224490852"
"1.540857976666251","12.42075124547314","-9.330000000000004","15.05162567781466","-8.788781336772567","0.9735645651424035","-0.15399081749934915"
"1.547441418241828","12.359327735573006","-9.330000000000064","15.097927728743892","-8.721627495967914","0.9606226370483948","-0.16337845113136848"
"1.5538787275616235","12.299267639619313","-9.329999999999734","15.143834816479863","-8.656883849067905","0.9472861710925377","-0.1727043110580208"
"1.560173158792496","12.240540596235274","-9.330000000000041","15.189354178691165","-8.594491702591311","0.9335970298414165","-0.18176376598623023"
"1.5663286742147586","12.183109637345565","-9.33000000000007","15.234494592177647","-8.53438443453829","0.9196100350339809","-0.19030379471923964"
"1.5723499506471594","12.126931128231265","-9.046281559390918","15.279266408872065","-8.476487320916831","0.9053946538728599","-0.1980196245059157"
"1.5782419741754703","12.07363022443961","-6.940992629221037","15.323681591841686","-8.42071736226934","0.8910365981407504","-0.20455362592294973"
"1.5840075631926587","12.033611313568187","-4.1422686100292685","15.367753751289978","-8.366983110199172","0.8766392244418468","-0.2094974709386318"
"1.5896471529846374","12.010250617799432","-0.5444126889717411","15.411498180558226","-8.315184493897096","0.862324600087132","-0.21239862743833235"
"1.5951605754130336","12.007249040669752","3.9636332117328967","15.454931892127178","-8.265212646667926","0.8482340791683449","-0.21277221065082208"
"1.6005470489250768","12.028599045976206","9.329999999999997","15.498073653618682","-8.216949732456943","0.8345282208756769","-0.2101189931498134"
"1.6058054057854565","12.077659515483548","9.330000000000084","15.540944023797346","-8.170268772376476","0.8213858810760108","-0.2039499558175538"
"1.615966592248828","12.172463385186806","9.329999999999764","15.625961996998166","-8.081098044050949","0.7975862188243522","-0.17934969566442724"
"1.6257373836764497","12.263624869206515","9.330000000000027","15.710187472763842","-7.996495181939162","0.7785319241622713","-0.13654975489012672"
"1.6352214284511233","12.35211100695422","9.330000000000105","15.793853074517674","-7.915097518659497","0.7659733013913766","-0.07560031165388381"
"1.6445272020536303","12.438933874665612","9.330000000000073","15.877223540124593","-7.835379448049888","0.761496145598847","-2.38765266753601E-15"
"1.6537673777700888","12.52514471410017","-4.300065638640683","15.960806669192499","-7.755904244637228","0.7576847126361923","-0.06440892530974367"
"1.6630942527193109","12.485038539615122","-9.329999999999973","16.04591994847685","-7.676160368942387","0.7469768428809676","-0.11671987682052827"
"1.6726697262791106","12.395699371302191","-9.329999999999968","16.133952252392962","-7.595907858897157","0.7306834959083295","-0.15410409470416292"
"1.6826055087893137","12.302998520481998","-9.329999999999941","16.226142981392123","-7.5149370693751845","0.7102483282095655","-0.17646197652261217"
"1.6877367608056186","12.255123939169874","-4.960596368091355","16.274145453592645","-7.474124823903076","0.6989214354312538","-0.1825375738272121"
"1.6929863889201442","12.229082653011128","-0.8479924161512079","16.323587171562345","-7.433067568571312","0.6870749327607613","-0.18565635048307597"
"1.698354530417887","12.224530509732215","2.4764812536462606","16.37458329617434","-7.3917471329229185","0.6748582724206594","-0.18620289216249125"
"1.7038410239633408","12.238117708145783","5.102298265036223","16.42724060422914","-7.350147034380911","0.6624064907459728","-0.18457278357370777"
"1.7094461092448114","12.26671652505281","7.116959315703426","16.48165764812968","-7.308252443760153","0.6498394243711704","-0.1811534730321633"
"1.7151704272392374","12.30745626332929","8.604216962179306","16.53792491555633","-7.266050150779204","0.6372615652159153","-0.17631002061668635"
"1.7210149923563465","12.35774416964648","9.32999999999987","16.59612498914193","-7.223528529572178","0.6247624269492853","-0.17037544748113623"
"1.7269815925357352","12.413412549320176","9.329999999999917","16.65633270614681","-7.180677504200594","0.6124172972930078","-0.16364511103702498"
"1.7330732929806498","12.470248114471229","9.330000000000048","16.71861531813382","-7.137488514165235","0.6002882600293973","-0.15637437736297094"
"1.7392935259344395","12.528282887930088","9.330000000000084","16.783032650643353","-7.093954479917995","0.5884253851255722","-0.14877882238835968"
"1.7456450918190263","12.587542997633282","9.330000000000192","16.84963726286836","-7.050069768373739","0.576868002477176","-0.1410362352055425"
"1.7521301704195837","12.648048780976485","9.330000000000148","16.918474607329387","-7.005830158422155","0.5656459924004377","-0.13328978899182634"
"1.7587503344565538","12.709814911441416","9.32999999999991","16.989583189549595","-6.961232806439605","0.554781042704262","-0.12565186100520406"
"1.7655065653627051","12.772850545795807","9.32999999999995","17.062994727729787","-6.916276211800985","0.5442878370306442","-0.11820810318951919"
"1.7723992710416578","12.837159489780436","9.329999999999723","17.138734312423427","-6.870960182391572","0.5341751516909719","-0.11102147612245523"
"1.779428305361414","12.90274037998376","9.32999999999999","17.21682056621167","-6.825285800118888","0.5244468483224314","-0.10413605424276848"
"1.7865929891275496","12.969586879521806","9.330000000000048","17.297265803378384","-6.77925538642454","0.5151027574549061","-0.09758048680228555"
"1.7938921322821004","13.037687885153765","9.330000000000005","17.380076189585168","-6.732872467796088","0.5061394537692202","-0.09137105707277378"
"1.801324057082711","13.107027743543462","9.330000000000052","17.4652519015464","-6.686141741278888","0.497550927765184","-0.08551432399384415"
"1.8088866220299304","13.17758647450102","-2.617340088285679","17.552787286704227","-6.6390690399879535","0.48932916108048563","-0.08000935846163157"
"1.8166040993758974","13.157387211662984","-9.329999999999954","17.64267102290362","-6.591661298619805","0.48146461412794334","-0.07484960377406633"
"1.8245182741558121","13.08354796096638","-9.33000000000006","17.734886278067385","-6.5439265189643265","0.47394663532994963","-0.0700243990956214"
"1.8326464811829453","13.007711789403228","-9.329999999999982","17.829410869871182","-6.495873735416619","0.4667638012603397","-0.06552020850925992"
"1.8409906706939785","12.929860501265289","-9.329999999999915","17.92621742541857","-6.4475129804888525","0.4599041966442109","-0.06132159815274627"
"1.8495525261426131","12.849978389929529","-9.33000000000004","18.025273540916004","-6.398855250322123","0.45335564256141314","-0.057412001515184156"
"1.8583334714332151","12.768052170368211","-9.329999999999966","18.126541941347885","-6.349912470198306","0.44710588045852506","-0.05377430923660563"
"1.867334678015978","12.684070912951032","-9.329999999999963","18.229980640151567","-6.300697460051906","0.4411427187755841","-0.05039131543287676"
"1.8765570718082236","12.598025978869382","-9.329999999999922","18.335543098892387","-6.251223899981918","0.4354541481918049","-0.047246048140031714"
"1.886001339913443","12.509910957447685","-9.329999999999973","18.4431783869387","-6.201506295763675","0.43002843072453417","-0.044322007234775175"
"1.8956679371156517","12.419721605551077","-9.330000000000169","18.55283134113689","-6.151559944360705","0.4248541671993379","-0.041603329309972584"
"1.9055570921316676","12.327455789251648","-9.330000000000004","18.664442725486396","-6.101400899436585","0.4199203469579663","-0.03907489554517908"
"1.9156688136081375","12.233113427876184","-9.330000000000128","18.777949390814737","-6.051045936866794","0.41521638308952813","-0.03672239563405347"
"1.9260028958536284","12.136696440525752","-9.330000000000215","18.893284434452546","-6.0005125202505685","0.4107321359583359","-0.03453235829820288"
"1.9312532038028989","12.087711067359058","-9.32999999999993","18.951615704001547","-5.975184528611951","0.40856936347762074","-0.0334942844998148"
"1.936558930349119","12.038208638682823","-9.33000000000024","19.010377359908595","-5.949818766422754","0.4064579273564148","-0.03249215679553644"
"1.9419199918880437","11.988189934524655","-9.32999999999994","19.0695600547743","-5.924417594697186","0.40439669101509657","-0.03152452668026372"
"1.947336292393227","11.937655850811296","-9.330000000000092","19.129154236544792","-5.898983410965662","0.40238454722463834","-0.03058999607554762"
"1.9528077235627417","11.886607397999724","-9.330000000000037","19.189150153501547","-5.873518648197051","0.40042041802081374","-0.02968721627833726"
"1.9583341649615182","11.835045699749138","-9.330000000000016","19.249537859251244","-5.848025773720921","0.398503254558074","-0.028814886796032616"
"1.963915484159298","11.782971991633852","-9.330000000000087","19.31030721771561","-5.822507288149781","0.39663203691122445","-0.027971754090224097"
"1.9695515368642091","11.730387619897032","-9.329999999999954","19.371447908121254","-5.796965724301332","0.3948057738322646","-0.0271566102485937"
"1.9752421670519693","11.67729404024523","-9.32999999999993","19.43294942998953","-5.771403646120709","0.39302350246905593","-0.026368291601864716"
"1.9809872070907255","11.623692816683635","-9.330000000000261","19.494801108126364","-5.745823647602725","0.39128428805184196","-0.025605677300383753"
"1.986786477861539","11.569585620391944","-9.329999999999792","19.556992097612103","-5.720228351714121","0.3895872235530611","-0.024867687862869803"
"1.99263978887453","11.514974228640739","-9.329999999999721","19.619511388791363","-5.694620409315807","0.3879314293253641","-0.024153283708050245"
"1.9985469383806922","11.459860523748247","-9.329999999999727","19.682347812262876","-5.66900249808511","0.386316052722262","-0.02346146367828959"
"2.0045077134793883","11.404246492077416","-9.330000000000085","19.74549004386932","-5.64337732143802","0.3847402677053941","-0.02279126356289427"
"2.0105218902215456","11.348134223073087","-9.329999999999961","19.80892660968719","-5.617747607451433","0.38320327444200986","-0.022141754627514262"
"2.016589233708558","11.291525908339262","-9.330000000000073","19.872645891016617","-5.592116107785397","0.38170429889589036","-0.021512042154950596"
"2.02270949818691","11.234423840756238","-9.329999999999897","19.93663612937122","-5.566485596605359","0.3802425924146215","-0.020901264001696465"
"2.028882427138535","11.176830413637576","-9.329999999999892","20.000885431467957","-5.540858869504411","0.37881743131582557","-0.02030858917367472"
"2.0351077533669177","11.118748119926767","-9.329999999999899","20.06538177421696","-5.51523874242553","0.37742811647470037","-0.01973321642387475"
"2.0413851990789507","11.0601795514335","-9.329999999999949","20.130113009711394","-5.489628050583831","0.3760739729149726","-0.01917437287392058"
"2.0477144759625543","11.00112739810948","-9.33000000000004","20.195066870217282","-5.4640296473888075","0.37475434940516095","-0.01863131266101602"
"2.054095285260066","10.941594447363697","-9.330000000000068","20.260230973163367","-5.438446403366578","0.37346861806185383","-0.018103315611193962"
"2.0605273178374035","10.881583583417138","-9.32999999999987","20.325592826130944","-5.412881205082133","0.3722161739615312","-0.017589685939341997"
"2.0670102542490087","10.821097786696862","-9.330000000000117","20.391139831843716","-5.387336954061578","0.37099643476231253","-0.017089750976077477"
"2.073543764798566","10.76014013326949","-9.33","20.456859293157624","-5.361816565714379","0.3698088403368799","-0.016602859921191808"
"2.0801275095955045","10.698713794314056","-9.330000000000076","20.522738418050704","-5.33632296825561","0.3686528524177005","-0.016128382623071563"
"2.0867611386072675","10.636822035634308","-9.33000000000015","20.58876432461293","-5.310859101628202","0.3675279542555755","-0.015665708383228668"
"2.0934442917073537","10.574468217210503","-9.32999999999986","20.654924046036058","-5.285427916425174","0.366433650292449","-0.015214244784824919"
"2.100176598719115","10.511655792790773","-9.330000000000025","20.72120453560345","-5.260032372811898","0.36536946584933244","-0.014773416543855371"
"2.1069576794553","10.448388309522166","-9.33000000000011","20.78759267167996","-5.234675439448329","0.3643349468301381","-0.01434266438145597"
"2.1137871437533287","10.384669407621558","-9.330000000000062","20.854075262701745","-5.209360092411258","0.36332965944215073","-0.013921443915616567"
"2.1206645915062743","10.320502820086576","-9.329999999999934","20.920639052166116","-5.184089314116557","0.3623531899338334","-0.013509224570413996"
"2.12758961268954","10.255892372446706","-9.330000000000096","20.9872707236214","-5.1588660922414205","0.361405144350616","-0.013105488500718512"
"2.1345617873831917","10.190841982554936","-9.329999999999997","21.053956905656747","-5.133693418646614","0.3604851483092942","-0.012709729530177839"
"2.1415806857899296","10.12535566042007","-9.330000000000055","21.120684176892027","-5.108574288298722","0.35959284679164355","-0.012321452100134215"
"2.148645868248652","10.05943750808019","-9.33000000000007","21.18743907096762","-5.083511698192385","0.3587279039578437","-0.011940170226986463"
"2.1557568852435836","9.993091719517476","-9.330000000000148","21.25420808153431","-5.058508646272557","0.3578900029803028","-0.011565406465361174"
"2.16291327740892","9.926322580614887","-9.329999999999956","21.32097766724309","-5.033568130356738","0.3570788458984742","-0.011196690874309356"
"2.1701145755289377","9.859134469155121","-9.329999999999902","21.387734256735023","-5.00869314705723","0.3562941534952678","-0.010833559983589163"
"2.1773603005335294","9.791531854862281","-9.33000000000009","21.454464253631095","-4.983886690703374","0.3555356651956706","-0.010475555756931359"
"2.1846499634890906","9.723519299486894","-9.329999999999918","21.521154041522045","-4.959151752263804","0.35480313898822297","-0.010122224549013802"
"2.191983065584709","9.655101456934775","-9.32999999999997","21.58778998895821","-4.934491318268686","0.3540963513700103","-0.009773116052679337"
"2.199359098113582","9.58628307344039","-9.329999999999995","21.65435845443939","-4.909908369731966","0.35341509731587883","-0.009427782232735873"
"2.2067775424495846","9.517068987785484","-9.330000000000144","21.720845791404656","-4.885405881073613","0.3527591902726196","-0.009085776242452647"
"2.2142378700189185","9.447464131563597","-9.329999999999986","21.787238353222236","-4.860986819041868","0.35212846217890637","-0.008746651318629744"
"2.2217395422667425","9.3774735294914","-9.32999999999994","21.853522498179327","-4.8366541416354885","0.3515227635118387","-0.008409959650851248"
"2.2292820106187015","9.307102299767623","-9.329999999999984","21.919684594471953","-4.812410797025992","0.35094196336099376","-0.008075251220243919"
"2.23686471643725","9.236355654480564","-9.329999999999899","21.985711025194814","-4.788259722479902","0.3503859495309538","-0.00774207260274226"
"2.2444870909726613","9.16523890006518","-9.330000000000108","22.051588193331114","-4.764203843280995","0.3498546286733645","-0.007409965731505056"
"2.2521485553086085","9.093757437810792","-9.330000000000002","22.117302526742428","-4.740246071652547","0.3493479264496442","-0.007078466612738923"
"2.2598485203021976","9.021916764420606","-9.32999999999991","22.18284048315853","-4.716389305679572","0.34886578772556553","-0.006747103988749369"
"2.267586386518315","8.949722472624233","-9.329999999999883","22.248188555167236","-4.6926364282310775","0.3484081767990238","-0.006415397941559238"
"2.2753615441581547","8.877180251844525","-9.329999999999943","22.313333275204265","-4.668990305882301","0.34797507766241087","-0.006082858429902391"
"2.2831733729817736","8.80429588892016","-9.32999999999996","22.378261220543063","-4.645453787836962","0.34756649430113384","-0.005748983751809678"
"2.2910212422245158","8.731075268885375","-9.329999999999947","22.442959018284675","-4.622029704849503","0.34718245102993867","-0.00541325892434818"
"2.2989045105071346","8.657524375808542","-9.330000000000101","22.507413350347548","-4.598720868147337","0.3468229928688392","-0.005075153971347494"
"2.306822525739442","8.583649293691114","-9.330000000000005","22.57161095845742","-4.575530068353093","0.3464881859605965","-0.00473412210914141"
"2.314774625017281","8.509456207428878","-9.33000000000008","22.63553864913714","-4.552460074406861","0.3461781180318559","-0.004389597819450653"
"2.322760134512626","8.434951403837307","-9.329999999999853","22.699183298696507","-4.529513632488437","0.34589289890022396","-0.004040994797542775"
"2.3307783693566004","8.360141272743027","-9.329999999999878","22.762531858222133","-4.50669346493957","0.34563266102975365","-0.00368770376268905"
"2.338828633515174","8.285032308143537","-9.330000000000108","22.825571358567277","-4.4840022691862025","0.34539756013751133","-0.003329090116711137"
"2.3469102196573037","8.209631109437465","-9.330000000000013","22.888288915341693","-4.461442716660725","0.3451877758541235","-0.002964491435033187"
"2.3550224090152647","8.133944382727687","-9.32999999999999","22.950671733901473","-4.439017451724215","0.34500351244144256","-0.0025932147731291453"
"2.3631644712368947","8.05797894219988","-9.329999999999977","23.012707114338887","-4.41672909058868","0.3448449995707217","-0.0022145337695490897"
"2.3713356642294716","7.9817417115791365","-9.330000000000075","23.07438245647224","-4.39458022023931","0.3447124931649953","-0.001827685524810507"
"2.379535233994916","7.905239725667541","-9.329999999999949","23.135685264835697","-4.372573397356719","0.3446062763096444","-0.001431867233319617"
"2.3877624144560037","7.828480131965594","-9.329999999999979","23.19660315366915","-4.35071114723919","0.34452666023548495","-0.0010262325431184196"
"2.396016427273242","7.751470192380759","-9.329999999999984","23.25712385190804","-4.328995962724922","0.34447398537906737","-0.000609887615610812"
"2.4042964816520658","7.6742172850263355","-9.32999999999994","23.317235208173233","-4.307430303114274","0.3444486225252798","-0.000181886854460273"
"2.4126017741399517","7.596728906114362","-9.329999999999991","23.376925195760826","-4.286016593092014","0.34445097403778735","0.000258771730465697"
"2.429284795047875","7.441076321043438","-9.32999999999999","23.494993611402933","-4.24365454100722","0.3445405955561923","0.0011823829789421843"
"2.4460588008207425","7.284574847182586","-9.330000000000013","23.611235568322265","-4.20192847068212","0.34474675330734356","0.002170292900546587"
"2.462916884926009","7.12728892248045","-9.330000000000014","23.725559850160778","-4.1608564235025","0.3450739517633024","0.003233123637357485"
"2.4798519149518135","6.9692850923396925","-9.33000000000002","23.837877714389485","-4.120455783540211","0.3455273554311831","0.004383012272304073"
"2.4968565232267683","6.810632097134365","-9.329999999999986","23.9481030519835","-4.080743243065017","0.34611285695433924","0.005633898009602363"
"2.5139230965068107","6.651400968431568","-9.329999999999995","24.056152547097042","-4.041734768056456","0.3468371558335379","0.0070018679772940245"
"2.5310437646451147","6.491665134701189","-9.330000000000007","24.16194583673848","-4.003445563715683","0.347707849499583","0.008505575465920144"
"2.548210388152459","6.331500537377667","-9.329999999999995","24.265405670445332","-3.96589003997734","0.34873353880345936","0.01016674801203492"
"2.5654145445464924","6.170985758221336","-9.330000000000016","24.366458069959346","-3.929081777021393","0.3499239503961294","0.012010807366364248"
"2.5826475133789892","6.010202159014141","-9.329999999999988","24.465032488901443","-3.8930334907849993","0.351290078964535","0.014067629380773522"
"2.599900259820932","5.849234034710814","-9.329999999999991","24.561061972446794","-3.8577569984743514","0.35284435289437843","0.016372479644646637"
"2.6171634166762936","5.688168781250293","-9.329999999999952","24.65448331699986","-3.8232631840765414","0.3546008276706648","0.018967170891925816"
"2.634427264687543","5.527097079305337","-9.329999999999997","24.74523722986935","-3.789561963871405","0.3565754122376327","0.02190150158807128"
"2.651681710990089","5.366113095302583","-9.329999999999975","24.833268488943318","-3.7566622519433803","0.35878613466331777","0.025235052786307076"
"2.6689162655703496","5.205314701068751","-9.330000000000013","24.918526102364137","-3.7245719256933647","0.3612534548451246","0.029039443814875394"
"2.6861200155852","5.044803713430194","-9.330000000000018","25.000963468203558","-3.6932977913505596","0.3640006337203419","0.0334011786871349"
"2.703281597411835","4.884686154987687","-9.330000000000018","25.080538534137716","-3.662845549484337","0.36705417059743095","0.038425257172613775"
"2.72038916632095","4.725072537065648","-9.330000000000002","25.157213957122146","-3.6332197605160808","0.3704443229118613","0.044239781203188666"
"2.73743036370839","4.566078165440832","-9.330000000000002","25.230957263066834","-3.604423810231049","0.3742057260758634","0.05100186426264771"
"2.754392281889447","4.407823468811569","-9.329999999999979","25.301741006511214","-3.5764598752902277","0.3783781353142339","0.05890525639611454"
"2.7712614265676674","4.250434348963773","-9.329999999999966","25.369542930299215","-3.5493288887421803","0.3830073166834078","0.06819024141013633"
"2.788023677252984","4.094042550069769","-9.330000000000034","25.434346125254272","-3.523030505534903","0.3881461211390363","0.07915656111389498"
"2.8046642461457694","3.9387860423000793","-9.329999999999998","25.49613918985436","-3.4975630680276826","0.39385578389131815","0.09218039577778606"
"2.8211676363569897","3.7848094116293933","-9.330000000000002","25.554916389907014","-3.472923571502946","0.40020750177560027","0.10773681088041195"
"2.8536968673044427","3.481311686889658","-9.32999999999999","25.663429554298062","-3.42610944021747","0.41518365121257045","0.14903127530161234"
"2.8854718389056364","3.184851201850521","-9.330000000000007","25.759959159129806","-3.382535821851177","0.433927859873081","0.21023580758465898"
"2.9163395046561638","2.8968558803981006","-9.32999999999999","25.844679641579155","-3.3421266661056963","0.4576299458630502","0.30347764490135654"
"2.94613390676847","2.618874108690284","-9.330000000000002","25.917871444898303","-3.3047810585909136","0.4879734777567628","0.44972537927052253"
"2.974679499861747","2.3525437251300114","-9.33","25.97992612801562","-3.2703721172042846","0.5273686796847712","0.6859997585507793"
"3.001800522764336","2.099504581448859","-9.33","26.03135147513628","-3.2387458885101807","0.5792792248858626","1.078190132340968"
"3.027342404113349","1.8611988284625673","-9.330000000000009","26.072776605343204","-3.209720244119194","0.6486090080999528","1.7408272000179679"
"3.0394916653022865","1.7478462215697794","-9.33","26.089970123763862","-3.1961177502326175","0.6917955798936797","2.2273657403870826"
"3.0512225760098652","1.6383968246680702","-9.329999999999991","26.10495708219775","-3.1830837770674982","0.7418978848417132","2.8530577299058675"
"3.0625479609682347","1.5327309830064821","-9.330000000000013","26.11785252133371","-3.1705871429133357","0.7998484396780938","3.6425396370112986"
"3.0734981534877774","1.4305656867991492","-9.330000000000002","26.12878002334054","-3.158594698196141","0.8664118981940129","4.60596941029254"
"3.084126991898313","1.3313986244288523","-9.329999999999991","26.137871871542078","-3.1470712909902927","0.9419229830999114","5.718772082636631"
"3.094518939884893","1.2344417497140623","-9.330000000000023","26.145269210092223","-3.1359797325303944","1.0259149573597288","6.895127229908746"
"3.099664174407202","1.1864367116209158","-9.330000000000025","26.148379007974356","-3.1305837096552906","1.070621927605334","7.458207967859402"
"3.104800152210612","1.1385180387150997","-9.329999999999991","26.15112220364993","-3.125280762723115","1.1167014121617378","7.9683549287287425"
"3.1099500344470323","1.090469637449301","-9.329999999999979","26.15351900335195","-3.1200656549190002","1.1637023739835428","8.394099634893447"
"3.1151409010662414","1.0420388518920818","-9.330000000000004","26.155590197054295","-3.1149330156590667","1.2110780900420055","8.703345985997604"
"3.120404431772143","0.9929301104060204","-9.330000000000013","26.157357163461697","-3.109877339512667","1.2581994960718486","8.86650816111411"
"3.125777904060982","0.9427956139511536","-9.329999999999995","26.158841874999485","-3.1048929851246365","1.3043766147994778","8.85973971750184"
"3.1370391001617395","0.8377286543310869","-9.330000000000002","26.161055421709854","-3.0951149901138475","1.3910011180280197","8.284396534600278"
"3.1494252208208997","0.7221661485811229","-9.33","26.16241868061494","-3.085551140340227","1.465294393196861","6.970070460747069"
"3.163816382480427","0.587896610297734","-9.33","26.16312931402444","-3.0761513017486335","1.522340519868204","5.036005986868412"
"3.2268278090932605","0.0","-9.33","26.163433406046718","-3.0576316961188255","1.5707963267949419","4.07974500258556E-14"
