dt,x,y,position,velocity,acceleration,jerk,heading
0.002000,43.008149,18.958825,0.000000,0.000238,0.118752,59.375964,6.261393
0.002000,43.008149,18.958825,0.000001,0.000713,0.237504,59.375964,6.261393
0.002000,43.008149,18.958825,0.000003,0.001425,0.356256,59.375964,6.261393
0.002000,43.008149,18.958825,0.000007,0.002375,0.475008,59.375964,6.261393
0.002000,43.008149,18.958825,0.000013,0.003563,0.593760,59.375964,6.261393
0.002000,43.008149,18.958825,0.000022,0.004988,0.712512,59.375964,6.261394
0.002000,43.008149,18.958825,0.000033,0.006650,0.831263,59.375964,6.261394
0.002000,43.008149,18.958825,0.000048,0.008550,0.950015,59.375964,6.261394
0.002000,43.008149,18.958825,0.000068,0.010688,1.068767,59.375964,6.261394
0.002000,43.008149,18.958825,0.000091,0.013063,1.187519,59.375964,6.261394
0.002000,43.008149,18.958825,0.000120,0.015675,1.306271,59.375964,6.261394
0.002000,43.008149,18.958825,0.000154,0.018525,1.425023,59.375964,6.261394
0.002000,43.008149,18.958825,0.000195,0.021613,1.543775,59.375964,6.261395
0.002000,43.008149,18.958825,0.000241,0.024938,1.662527,59.375964,6.261395
0.002000,43.008149,18.958825,0.000295,0.028500,1.781279,59.375964,6.261395
0.002000,43.008149,18.958825,0.000355,0.032301,1.900031,59.375964,6.261396
0.002000,43.008149,18.958825,0.000424,0.036338,2.018783,59.375964,6.261396
0.002000,43.008149,18.958825,0.000501,0.040613,2.137535,59.375964,6.261397
0.002000,43.008149,18.958825,0.000587,0.045126,2.256287,59.375964,6.261397
0.002000,43.008149,18.958825,0.000682,0.049876,2.375039,59.375964,6.261398
0.002000,43.008149,18.958825,0.000786,0.054863,2.493790,59.375964,6.261399
0.002000,43.008149,18.958825,0.000901,0.060088,2.612542,59.375964,6.261399
0.002000,43.008149,18.958825,0.001027,0.065551,2.731294,59.375964,6.261400
0.002000,43.008149,18.958825,0.001164,0.071251,2.850046,59.375964,6.261401
0.002000,43.008149,18.958825,0.001312,0.077189,2.968798,59.375964,6.261402
0.002000,43.008149,18.958825,0.001473,0.083364,3.087550,59.375964,6.261403
0.002000,43.008149,18.958825,0.001646,0.089776,3.206302,59.375964,6.261404
0.002000,43.008149,18.958825,0.001832,0.096427,3.325054,59.375964,6.261405
0.002000,43.008149,18.958825,0.002032,0.103314,3.443806,59.375964,6.261407
0.002000,43.008149,18.958825,0.002246,0.110439,3.562558,59.375964,6.261408
0.002000,43.008149,18.958825,0.002474,0.117802,3.681310,59.375964,6.261410
0.002000,43.008149,18.958825,0.002717,0.125402,3.800062,59.375964,6.261411
0.002000,43.008149,18.958825,0.002976,0.133240,3.918814,59.375964,6.261413
0.002000,43.008149,18.958825,0.003250,0.141315,4.037566,59.375964,6.261415
0.002000,43.008149,18.958825,0.003541,0.149627,4.156317,59.375964,6.261417
0.002000,43.008149,18.958825,0.003849,0.158178,4.275069,59.375964,6.261419
0.002000,43.008149,18.958825,0.004174,0.166965,4.393821,59.375964,6.261421
0.002000,43.008149,18.958825,0.004517,0.175990,4.512573,59.375964,6.261423
0.002000,43.008149,18.958825,0.004878,0.185253,4.631325,59.375964,6.261425
0.002000,43.008149,18.958825,0.005258,0.194753,4.750077,59.375964,6.261428
0.002000,43.008149,18.958825,0.005658,0.204491,4.868829,59.375964,6.261431
0.002000,43.008149,18.958825,0.006077,0.214466,4.987581,59.375964,6.261433
0.002000,43.008149,18.958825,0.006516,0.224679,5.106333,59.375964,6.261436
0.002000,43.008149,18.958825,0.006975,0.235129,5.225085,59.375964,6.261439
0.002000,43.008149,18.958825,0.007456,0.245816,5.343837,59.375964,6.261442
0.002000,43.008149,18.958825,0.007959,0.256742,5.462589,59.375964,6.261446
0.002000,43.008149,18.958825,0.008484,0.267904,5.581341,59.375964,6.261449
0.002000,43.008624,18.958815,0.009031,0.279305,5.700093,59.375964,6.261453
0.002000,43.009194,18.958803,0.009601,0.290942,5.818844,59.375964,6.261456
0.002000,43.009788,18.958790,0.010195,0.302817,5.937596,59.375964,6.261460
0.002000,43.010405,18.958776,0.010813,0.314930,6.056348,59.375964,6.261464
0.002000,43.011047,18.958762,0.011455,0.327280,6.175100,59.375964,6.261469
0.002000,43.011714,18.958748,0.012122,0.339868,6.293852,59.375964,6.261473
0.002000,43.012407,18.958733,0.012815,0.352693,6.412604,59.375964,6.261478
0.002000,43.013125,18.958717,0.013533,0.365756,6.531356,59.375964,6.261482
0.002000,43.013870,18.958701,0.014278,0.379056,6.650108,59.375964,6.261487
0.002000,43.014641,18.958684,0.015049,0.392594,6.768860,59.375964,6.261492
0.002000,43.015440,18.958667,0.015848,0.406369,6.887612,59.375964,6.261497
0.002000,43.016267,18.958649,0.016675,0.420382,7.006364,59.375964,6.261503
0.002000,43.017121,18.958630,0.017530,0.434632,7.125116,59.375964,6.261508
0.002000,43.018005,18.958611,0.018414,0.449120,7.243868,59.375964,6.261514
0.002000,43.018918,18.958592,0.019327,0.463845,7.362619,59.375964,6.261520
0.002000,43.019860,18.958571,0.020270,0.478808,7.481371,59.375964,6.261526
0.002000,43.020833,18.958550,0.021242,0.494008,7.600123,59.375964,6.261533
0.002000,43.021836,18.958528,0.022246,0.509208,7.600123,0.000000,6.261539
0.002000,43.022869,18.958506,0.023279,0.524409,7.600123,-0.000000,6.261546
0.002000,43.023933,18.958483,0.024343,0.539609,7.600123,-0.000000,6.261553
0.002000,43.025027,18.958459,0.025438,0.554809,7.600123,0.000000,6.261560
0.002000,43.026152,18.958435,0.026562,0.570009,7.600123,-0.000000,6.261568
0.002000,43.027307,18.958410,0.027718,0.585209,7.600123,0.000000,6.261575
0.002000,43.028492,18.958384,0.028903,0.600410,7.600123,0.000000,6.261583
0.002000,43.029708,18.958358,0.030119,0.615610,7.600123,0.000000,6.261591
0.002000,43.030954,18.958331,0.031366,0.630810,7.600123,-0.000000,6.261599
0.002000,43.032230,18.958304,0.032643,0.646010,7.600123,0.000000,6.261607
0.002000,43.033537,18.958275,0.033950,0.661211,7.600123,-0.000000,6.261616
0.002000,43.034874,18.958247,0.035287,0.676411,7.600123,0.000000,6.261625
0.002000,43.036242,18.958217,0.036655,0.691611,7.600123,-0.000000,6.261634
0.002000,43.037640,18.958187,0.038054,0.706811,7.600123,0.000000,6.261643
0.002000,43.039069,18.958156,0.039483,0.722012,7.600123,0.000000,6.261652
0.002000,43.040528,18.958125,0.040942,0.737212,7.600123,0.000000,6.261662
0.002000,43.042017,18.958093,0.042431,0.752412,7.600123,-0.000000,6.261671
0.002000,43.043537,18.958060,0.043952,0.767612,7.600123,0.000000,6.261681
0.002000,43.045087,18.958027,0.045502,0.782813,7.600123,-0.000000,6.261692
0.002000,43.046667,18.957993,0.047083,0.798013,7.600123,0.000000,6.261702
0.002000,43.048278,18.957958,0.048694,0.813213,7.600123,-0.000000,6.261712
0.002000,43.049919,18.957923,0.050336,0.828413,7.600123,0.000000,6.261723
0.002000,43.051591,18.957887,0.052008,0.843614,7.600123,0.000000,6.261734
0.002000,43.053293,18.957851,0.053710,0.858814,7.600123,0.000000,6.261745
0.002000,43.055025,18.957813,0.055443,0.874014,7.600123,-0.000000,6.261756
0.002000,43.056788,18.957776,0.057206,0.889214,7.600123,0.000000,6.261768
0.002000,43.058581,18.957737,0.059000,0.904415,7.600123,-0.000000,6.261780
0.002000,43.060405,18.957698,0.060824,0.919615,7.600123,0.000000,6.261791
0.002000,43.062259,18.957659,0.062678,0.934815,7.600123,-0.000000,6.261804
0.002000,43.064143,18.957618,0.064563,0.950015,7.600123,0.000000,6.261816
0.002000,43.066058,18.957577,0.066478,0.965216,7.600123,0.000000,6.261828
0.002000,43.068003,18.957536,0.068424,0.980416,7.600123,0.000000,6.261841
0.002000,43.069979,18.957494,0.070400,0.995616,7.600123,0.000000,6.261854
0.002000,43.071985,18.957451,0.072406,1.010816,7.600123,-0.000000,6.261867
0.002000,43.074021,18.957407,0.074443,1.026017,7.600123,0.000000,6.261880
0.002000,43.076088,18.957363,0.076510,1.041217,7.600123,0.000000,6.261894
0.002000,43.078185,18.957319,0.078608,1.056417,7.600123,-0.000000,6.261907
0.002000,43.080313,18.957274,0.080736,1.071617,7.600123,0.000000,6.261921
0.002000,43.082471,18.957228,0.082895,1.086818,7.600123,0.000000,6.261935
0.002000,43.084659,18.957181,0.085083,1.102018,7.600123,-0.000000,6.261949
0.002000,43.086878,18.957134,0.087303,1.117218,7.600123,0.000000,6.261964
0.002000,43.089127,18.957086,0.089552,1.132418,7.600123,-0.000000,6.261978
0.002000,43.091406,18.957038,0.091832,1.147619,7.600123,0.000000,6.261993
0.002000,43.093716,18.956989,0.094143,1.162819,7.600123,0.000000,6.262008
0.002000,43.096057,18.956939,0.096484,1.178019,7.600123,-0.000000,6.262023
0.002000,43.098427,18.956889,0.098855,1.193219,7.600123,0.000000,6.262039
0.002000,43.100829,18.956839,0.101256,1.208420,7.600123,0.000000,6.262054
0.002000,43.103260,18.956787,0.103688,1.223620,7.600123,-0.000000,6.262070
0.002000,43.105722,18.956735,0.106151,1.238820,7.600123,0.000000,6.262086
0.002000,43.108214,18.956683,0.108644,1.254020,7.600123,-0.000000,6.262102
0.002000,43.110737,18.956629,0.111167,1.269221,7.600123,0.000000,6.262118
0.002000,43.113290,18.956576,0.113721,1.284421,7.600123,0.000000,6.262135
0.002000,43.115873,18.956521,0.116305,1.299621,7.600123,-0.000000,6.262152
0.002000,43.118487,18.956466,0.118919,1.314821,7.600123,0.000000,6.262168
0.002000,43.121132,18.956411,0.121564,1.330022,7.600123,0.000000,6.262185
0.002000,43.123806,18.956355,0.124239,1.345222,7.600123,-0.000000,6.262203
0.002000,43.126511,18.956298,0.126945,1.360422,7.600123,0.000000,6.262220
0.002000,43.129247,18.956241,0.129681,1.375622,7.600123,-0.000000,6.262238
0.002000,43.132013,18.956183,0.132447,1.390823,7.600123,0.000000,6.262256
0.002000,43.134809,18.956124,0.135244,1.406023,7.600123,0.000000,6.262274
0.002000,43.137635,18.956065,0.138071,1.421223,7.600123,-0.000000,6.262292
0.002000,43.140492,18.956005,0.140929,1.436423,7.600123,0.000000,6.262310
0.002000,43.143380,18.955945,0.143817,1.451624,7.600123,0.000000,6.262329
0.002000,43.146298,18.955884,0.146736,1.466824,7.600123,-0.000000,6.262348
0.002000,43.149246,18.955823,0.149684,1.482024,7.600123,0.000000,6.262367
0.002000,43.152224,18.955761,0.152664,1.497224,7.600123,-0.000000,6.262386
0.002000,43.155233,18.955698,0.155673,1.512425,7.600123,0.000000,6.262405
0.002000,43.158273,18.955635,0.158713,1.527625,7.600123,0.000000,6.262425
0.002000,43.161343,18.955571,0.161784,1.542825,7.600123,-0.000000,6.262445
0.002000,43.164443,18.955507,0.164885,1.558025,7.600123,0.000000,6.262464
0.002000,43.167573,18.955442,0.168016,1.573226,7.600123,0.000000,6.262485
0.002000,43.170734,18.955377,0.171178,1.588426,7.600123,-0.000000,6.262505
0.002000,43.173926,18.955311,0.174370,1.603626,7.600123,0.000000,6.262525
0.002000,43.177147,18.955244,0.177592,1.618826,7.600123,-0.000000,6.262546
0.002000,43.180400,18.955177,0.180845,1.634027,7.600123,0.000000,6.262567
0.002000,43.183682,18.955110,0.184128,1.649227,7.600123,0.000000,6.262588
0.002000,43.186995,18.955041,0.187442,1.664427,7.600123,-0.000000,6.262609
0.002000,43.190339,18.954973,0.190786,1.679627,7.600123,0.000000,6.262630
0.002000,43.193712,18.954903,0.194160,1.694828,7.600123,0.000000,6.262652
0.002000,43.197116,18.954833,0.197565,1.710028,7.600123,-0.000000,6.262674
0.002000,43.200551,18.954763,0.201000,1.725228,7.600123,0.000000,6.262696
0.002000,43.204016,18.954692,0.204466,1.740428,7.600123,-0.000000,6.262718
0.002000,43.207511,18.954621,0.207962,1.755628,7.600123,0.000000,6.262740
0.002000,43.211037,18.954549,0.211489,1.770829,7.600123,0.000000,6.262763
0.002000,43.214593,18.954476,0.215045,1.786029,7.600123,-0.000000,6.262785
0.002000,43.218180,18.954403,0.218633,1.801229,7.600123,0.000000,6.262808
0.002000,43.221796,18.954329,0.222250,1.816429,7.600123,0.000000,6.262831
0.002000,43.225444,18.954255,0.225898,1.831630,7.600123,-0.000000,6.262854
0.002000,43.229121,18.954180,0.229577,1.846830,7.600123,0.000000,6.262878
0.002000,43.232830,18.954105,0.233286,1.862030,7.600123,-0.000000,6.262901
0.002000,43.236568,18.954029,0.237025,1.877230,7.600123,0.000000,6.262925
0.002000,43.240337,18.953953,0.240795,1.892431,7.600123,0.000000,6.262949
0.002000,43.244136,18.953876,0.244595,1.907631,7.600123,-0.000000,6.262973
0.002000,43.247966,18.953799,0.248425,1.922831,7.600123,0.000000,6.262997
0.002000,43.251826,18.953721,0.252286,1.938031,7.600123,0.000000,6.263022
0.002000,43.255716,18.953642,0.256177,1.953232,7.600123,-0.000000,6.263046
0.002000,43.259637,18.953563,0.260099,1.968432,7.600123,0.000000,6.263071
0.002000,43.263589,18.953484,0.264051,1.983632,7.600123,-0.000000,6.263096
0.002000,43.267570,18.953404,0.268034,1.998832,7.600123,0.000000,6.263121
0.002000,43.271582,18.953324,0.272046,2.014033,7.600123,-0.000000,6.263147
0.002000,43.275625,18.953243,0.276090,2.029233,7.600123,0.000000,6.263172
0.002000,43.279698,18.953161,0.280163,2.044433,7.600123,-0.000000,6.263198
0.002000,43.283801,18.953079,0.284267,2.059633,7.600123,0.000000,6.263224
0.002000,43.287934,18.952997,0.288402,2.074834,7.600123,0.000000,6.263250
0.002000,43.292099,18.952914,0.292567,2.090034,7.600123,-0.000000,6.263276
0.002000,43.296293,18.952830,0.296762,2.105234,7.600123,0.000000,6.263303
0.002000,43.300518,18.952746,0.300988,2.120434,7.600123,0.000000,6.263329
0.002000,43.304773,18.952662,0.305244,2.135635,7.600123,-0.000000,6.263356
0.002000,43.309059,18.952577,0.309530,2.150835,7.600123,-0.000000,6.263383
0.002000,43.313375,18.952491,0.313847,2.166035,7.600123,0.000000,6.263410
0.002000,43.317721,18.952406,0.318194,2.181235,7.600123,0.000000,6.263437
0.002000,43.322098,18.952319,0.322572,2.196436,7.600123,-0.000000,6.263465
0.002000,43.326505,18.952232,0.326980,2.211636,7.600123,0.000000,6.263492
0.002000,43.330943,18.952145,0.331419,2.226836,7.600123,0.000000,6.263520
0.002000,43.335411,18.952057,0.335887,2.242036,7.600123,-0.000000,6.263548
0.002000,43.339909,18.951969,0.340387,2.257237,7.600123,0.000000,6.263576
0.002000,43.344438,18.951880,0.344916,2.272437,7.600123,0.000000,6.263605
0.002000,43.348997,18.951791,0.349476,2.287637,7.600123,-0.000000,6.263633
0.002000,43.353587,18.951701,0.354067,2.302837,7.600123,0.000000,6.263662
0.002000,43.358207,18.951611,0.358688,2.318038,7.600123,0.000000,6.263691
0.002000,43.362857,18.951520,0.363339,2.333238,7.600123,-0.000000,6.263720
0.002000,43.367538,18.951429,0.368021,2.348438,7.600123,0.000000,6.263749
0.002000,43.372249,18.951338,0.372733,2.363638,7.600123,0.000000,6.263778
0.002000,43.376991,18.951246,0.377475,2.378839,7.600123,-0.000000,6.263808
0.002000,43.381763,18.951154,0.382248,2.394039,7.600123,0.000000,6.263837
0.002000,43.386565,18.951061,0.387051,2.409239,7.600123,0.000000,6.263867
0.002000,43.391398,18.950967,0.391885,2.424439,7.600123,0.000000,6.263897
0.002000,43.396261,18.950874,0.396749,2.439640,7.600123,-0.000000,6.263927
0.002000,43.401155,18.950779,0.401644,2.454840,7.600123,0.000000,6.263958
0.002000,43.406079,18.950685,0.406569,2.470040,7.600123,0.000000,6.263988
0.002000,43.411033,18.950590,0.411524,2.485240,7.600123,-0.000000,6.264019
0.002000,43.416018,18.950494,0.416510,2.500441,7.600123,0.000000,6.264050
0.002000,43.421033,18.950398,0.421526,2.515641,7.600123,0.000000,6.264081
0.002000,43.426078,18.950302,0.426572,2.530841,7.600123,-0.000000,6.264112
0.002000,43.431154,18.950205,0.431649,2.546041,7.600123,0.000000,6.264143
0.002000,43.436261,18.950108,0.436756,2.561242,7.600123,0.000000,6.264175
0.002000,43.441398,18.950011,0.441894,2.576442,7.600123,-0.000000,6.264206
0.002000,43.446565,18.949913,0.447062,2.591642,7.600123,0.000000,6.264238
0.002000,43.451762,18.949814,0.452261,2.606842,7.600123,0.000000,6.264270
0.002000,43.456990,18.949715,0.457489,2.622043,7.600123,0.000000,6.264302
0.002000,43.462249,18.949616,0.462749,2.637243,7.600123,0.000000,6.264334
0.002000,43.467537,18.949517,0.468038,2.652443,7.600123,0.000000,6.264367
0.002000,43.472856,18.949416,0.473358,2.667643,7.600123,0.000000,6.264400
0.002000,43.478206,18.949316,0.478709,2.682844,7.600123,-0.000000,6.264432
0.002000,43.483586,18.949215,0.484090,2.698044,7.600123,0.000000,6.264465
0.002000,43.488996,18.949114,0.489501,2.713244,7.600123,0.000000,6.264498
0.002000,43.494437,18.949012,0.494943,2.728444,7.600123,-0.000000,6.264532
0.002000,43.499908,18.948910,0.500415,2.743645,7.600123,0.000000,6.264565
0.002000,43.505410,18.948808,0.505917,2.758845,7.600123,0.000000,6.264599
0.002000,43.510942,18.948705,0.511450,2.774045,7.600123,-0.000000,6.264632
0.002000,43.516504,18.948602,0.517014,2.789245,7.600123,0.000000,6.264666
0.002000,43.522097,18.948499,0.522607,2.804446,7.600123,0.000000,6.264700
0.002000,43.527720,18.948395,0.528231,2.819646,7.600123,-0.000000,6.264734
0.002000,43.533373,18.948291,0.533886,2.834846,7.600123,0.000000,6.264769
0.002000,43.539057,18.948186,0.539571,2.850046,7.600123,0.000000,6.264803
0.002000,43.544772,18.948081,0.545286,2.865247,7.600123,0.000000,6.264838
0.002000,43.550516,18.947976,0.551032,2.880447,7.600123,-0.000000,6.264873
0.002000,43.556291,18.947870,0.556808,2.895647,7.600123,0.000000,6.264908
0.002000,43.562097,18.947764,0.562614,2.910847,7.600123,0.000000,6.264943
0.002000,43.567933,18.947658,0.568451,2.926047,7.600123,-0.000000,6.264978
0.002000,43.573799,18.947551,0.574319,2.941248,7.600123,0.000000,6.265013
0.002000,43.579696,18.947444,0.580216,2.956448,7.600123,0.000000,6.265049
0.002000,43.585623,18.947337,0.586144,2.971648,7.600123,-0.000000,6.265085
0.002000,43.591581,18.947229,0.592103,2.986848,7.600123,0.000000,6.265121
0.002000,43.597569,18.947121,0.598092,3.002049,7.600123,0.000000,6.265157
0.002000,43.603587,18.947012,0.604111,3.017249,7.600123,-0.000000,6.265193
0.002000,43.609636,18.946904,0.610161,3.032449,7.600123,0.000000,6.265229
0.002000,43.615715,18.946795,0.616241,3.047649,7.600123,0.000000,6.265266
0.002000,43.621824,18.946685,0.622351,3.062850,7.600123,-0.000000,6.265302
0.002000,43.627964,18.946576,0.628492,3.078050,7.600123,0.000000,6.265339
0.002000,43.634134,18.946465,0.634664,3.093250,7.600123,0.000000,6.265376
0.002000,43.640335,18.946355,0.640865,3.108450,7.600123,0.000000,6.265413
0.002000,43.646566,18.946245,0.647097,3.123651,7.600123,0.000000,6.265450
0.002000,43.652828,18.946134,0.653360,3.138851,7.600123,0.000000,6.265487
0.002000,43.659120,18.946022,0.659653,3.154051,7.600123,0.000000,6.265525
0.002000,43.665442,18.945911,0.665976,3.169251,7.600123,-0.000000,6.265563
0.002000,43.671795,18.945799,0.672330,3.184452,7.600123,0.000000,6.265600
0.002000,43.678178,18.945687,0.678714,3.199652,7.600123,0.000000,6.265638
0.002000,43.684591,18.945574,0.685128,3.214852,7.600123,-0.000000,6.265676
0.002000,43.691035,18.945462,0.691573,3.230052,7.600123,0.000000,6.265714
0.002000,43.697510,18.945349,0.698049,3.245253,7.600123,0.000000,6.265753
0.002000,43.704014,18.945235,0.704554,3.260453,7.600123,-0.000000,6.265791
0.002000,43.710549,18.945122,0.711090,3.275653,7.600123,0.000000,6.265830
0.002000,43.717115,18.945008,0.717657,3.290853,7.600123,0.000000,6.265869
0.002000,43.723711,18.944894,0.724254,3.306054,7.600123,-0.000000,6.265908
0.002000,43.730337,18.944780,0.730881,3.321254,7.600123,0.000000,6.265947
0.002000,43.736994,18.944665,0.737539,3.336454,7.600123,0.000000,6.265986
0.002000,43.743681,18.944550,0.744227,3.351654,7.600123,0.000000,6.266025
0.002000,43.750399,18.944435,0.750945,3.366855,7.600123,-0.000000,6.266065
0.002000,43.757147,18.944319,0.757694,3.382055,7.600123,0.000000,6.266104
0.002000,43.763925,18.944204,0.764474,3.397255,7.600123,0.000000,6.266144
0.002000,43.770734,18.944088,0.771283,3.412455,7.600123,-0.000000,6.266184
0.002000,43.777573,18.943972,0.778123,3.427656,7.600123,0.000000,6.266224
0.002000,43.784442,18.943855,0.784994,3.442856,7.600123,0.000000,6.266264
0.002000,43.791342,18.943739,0.791895,3.458056,7.600123,-0.000000,6.266304
0.002000,43.798272,18.943622,0.798826,3.473256,7.600123,0.000000,6.266344
0.002000,43.805233,18.943505,0.805788,3.488457,7.600123,0.000000,6.266385
0.002000,43.812224,18.943387,0.812780,3.503657,7.600123,-0.000000,6.266426
0.002000,43.819246,18.943270,0.819803,3.518857,7.600123,0.000000,6.266466
0.002000,43.826298,18.943152,0.826855,3.534057,7.600123,0.000000,6.266507
0.002000,43.833380,18.943034,0.833939,3.549258,7.600123,-0.000000,6.266548
0.002000,43.840493,18.942916,0.841052,3.564458,7.600123,-0.000000,6.266589
0.002000,43.847636,18.942798,0.848197,3.579658,7.600123,0.000000,6.266631
0.002000,43.854810,18.942679,0.855371,3.594858,7.600123,0.000000,6.266672
0.002000,43.862013,18.942560,0.862576,3.610059,7.600123,-0.000000,6.266714
0.002000,43.869248,18.942441,0.869811,3.625259,7.600123,0.000000,6.266755
0.002000,43.876513,18.942322,0.877077,3.640459,7.600123,0.000000,6.266797
0.002000,43.883808,18.942202,0.884373,3.655659,7.600123,-0.000000,6.266839
0.002000,43.891133,18.942083,0.891700,3.670860,7.600123,0.000000,6.266881
0.002000,43.898489,18.941963,0.899057,3.686060,7.600123,0.000000,6.266923
0.002000,43.905876,18.941843,0.906444,3.701260,7.600123,-0.000000,6.266966
0.002000,43.913292,18.941723,0.913862,3.716460,7.600123,0.000000,6.267008
0.002000,43.920739,18.941603,0.921310,3.731661,7.600123,0.000000,6.267050
0.002000,43.928217,18.941482,0.928788,3.746861,7.600123,-0.000000,6.267093
0.002000,43.935725,18.941361,0.936297,3.762061,7.600123,0.000000,6.267136
0.002000,43.943263,18.941241,0.943837,3.777261,7.600123,0.000000,6.267179
0.002000,43.950832,18.941120,0.951406,3.792462,7.600123,-0.000000,6.267222
0.002000,43.958431,18.940998,0.959006,3.807662,7.600123,0.000000,6.267265
0.002000,43.966061,18.940877,0.966637,3.822862,7.600123,0.000000,6.267308
0.002000,43.973721,18.940756,0.974298,3.838062,7.600123,0.000000,6.267352
0.002000,43.981411,18.940634,0.981989,3.853263,7.600123,-0.000000,6.267395
0.002000,43.989132,18.940512,0.989711,3.868463,7.600123,0.000000,6.267439
0.002000,43.996883,18.940390,0.997463,3.883663,7.600123,0.000000,6.267482
0.002000,44.004665,18.940268,1.005246,3.898863,7.600123,-0.000000,6.267526
0.002000,44.012477,18.940146,1.013058,3.914064,7.600123,0.000000,6.267570
0.002000,44.020319,18.940024,1.020902,3.929264,7.600123,0.000000,6.267614
0.002000,44.028192,18.939901,1.028775,3.944464,7.600123,-0.000000,6.267658
0.002000,44.036095,18.939779,1.036680,3.959664,7.600123,0.000000,6.267703
0.002000,44.044028,18.939656,1.044614,3.974865,7.600123,0.000000,6.267747
0.002000,44.051992,18.939533,1.052579,3.990065,7.600123,-0.000000,6.267792
0.002000,44.059987,18.939411,1.060574,4.005265,7.600123,0.000000,6.267836
0.002000,44.068012,18.939288,1.068600,4.020465,7.600123,0.000000,6.267881
0.002000,44.076067,18.939164,1.076656,4.035665,7.600123,0.000000,6.267926
0.002000,44.084152,18.939041,1.084743,4.050866,7.600123,0.000000,6.267971
0.002000,44.092268,18.938918,1.092860,4.066066,7.600123,-0.000000,6.268016
0.002000,44.100415,18.938795,1.101007,4.081266,7.600123,0.000000,6.268061
0.002000,44.108592,18.938671,1.109185,4.096466,7.600123,0.000000,6.268106
0.002000,44.116799,18.938547,1.117393,4.111667,7.600123,0.000000,6.268152
0.002000,44.125036,18.938424,1.125631,4.126867,7.600123,0.000000,6.268197
0.002000,44.133304,18.938300,1.133900,4.142067,7.600123,0.000000,6.268243
0.002000,44.141603,18.938176,1.142200,4.157267,7.600123,0.000000,6.268288
0.002000,44.149932,18.938052,1.150529,4.172468,7.600123,-0.000000,6.268334
0.002000,44.158291,18.937928,1.158890,4.187668,7.600123,0.000000,6.268380
0.002000,44.166680,18.937804,1.167280,4.202868,7.600123,0.000000,6.268426
0.002000,44.175100,18.937680,1.175701,4.218068,7.600123,0.000000,6.268472
0.002000,44.183551,18.937556,1.184152,4.233269,7.600123,0.000000,6.268518
0.002000,44.192032,18.937432,1.192634,4.248469,7.600123,0.000000,6.268564
0.002000,44.200543,18.937308,1.201146,4.263669,7.600123,-0.000000,6.268611
0.002000,44.209085,18.937183,1.209689,4.278869,7.600123,-0.000000,6.268657
0.002000,44.217657,18.937059,1.218262,4.294070,7.600123,0.000000,6.268704
0.002000,44.226259,18.936935,1.226865,4.309270,7.600123,0.000000,6.268751
0.002000,44.234892,18.936810,1.235499,4.324470,7.600123,0.000000,6.268797
0.002000,44.243555,18.936686,1.244163,4.339670,7.600123,0.000000,6.268844
0.002000,44.252249,18.936561,1.252858,4.354871,7.600123,-0.000000,6.268891
0.002000,44.260973,18.936437,1.261582,4.370071,7.600123,0.000000,6.268938
0.002000,44.269727,18.936312,1.270338,4.385271,7.600123,0.000000,6.268985
0.002000,44.278512,18.936188,1.279124,4.400471,7.600123,0.000000,6.269032
0.002000,44.287327,18.936063,1.287940,4.415672,7.600123,0.000000,6.269080
0.002000,44.296173,18.935939,1.296786,4.430872,7.600123,0.000000,6.269127
0.002000,44.305049,18.935814,1.305663,4.446072,7.600123,0.000000,6.269175
0.002000,44.313956,18.935689,1.314571,4.461272,7.600123,-0.000000,6.269222
0.002000,44.322893,18.935565,1.323508,4.476473,7.600123,0.000000,6.269270
0.002000,44.331860,18.935440,1.332476,4.491673,7.600123,0.000000,6.269318
0.002000,44.340858,18.935316,1.341475,4.506873,7.600123,0.000000,6.269366
0.002000,44.349886,18.935191,1.350504,4.522073,7.600123,0.000000,6.269413
0.002000,44.358944,18.935067,1.359563,4.537274,7.600123,0.000000,6.269461
0.002000,44.368033,18.934942,1.368653,4.552474,7.600123,-0.000000,6.269510
0.002000,44.377152,18.934818,1.377773,4.567674,7.600123,0.000000,6.269558
0.002000,44.386302,18.934693,1.386924,4.582874,7.600123,0.000000,6.269606
0.002000,44.395482,18.934569,1.396105,4.598075,7.600123,0.000000,6.269654
0.002000,44.404693,18.934444,1.405316,4.613275,7.600123,0.000000,6.269703
0.002000,44.413934,18.934320,1.414558,4.628475,7.600123,0.000000,6.269751
0.002000,44.423205,18.934196,1.423830,4.643675,7.600123,-0.000000,6.269800
0.002000,44.432507,18.934071,1.433132,4.658876,7.600123,0.000000,6.269848
0.002000,44.441839,18.933947,1.442465,4.674076,7.600123,0.000000,6.269897
0.002000,44.451201,18.933823,1.451829,4.689276,7.600123,0.000000,6.269946
0.002000,44.460594,18.933699,1.461223,4.704476,7.600123,0.000000,6.269995
0.002000,44.470017,18.933575,1.470647,4.719677,7.600123,0.000000,6.270044
0.002000,44.479471,18.933451,1.480101,4.734877,7.600123,0.000000,6.270093
0.002000,44.488955,18.933327,1.489586,4.750077,7.600123,-0.000000,6.270142
0.002000,44.498470,18.933203,1.499102,4.765277,7.600123,0.000000,6.270191
0.002000,44.508015,18.933079,1.508647,4.780478,7.600123,0.000000,6.270240
0.002000,44.517590,18.932955,1.518223,4.795678,7.600123,0.000000,6.270290
0.002000,44.527196,18.932832,1.527830,4.810878,7.600123,0.000000,6.270339
0.002000,44.536832,18.932708,1.537467,4.826078,7.600123,0.000000,6.270389
0.002000,44.546499,18.932585,1.547134,4.841279,7.600123,-0.000000,6.270438
0.002000,44.556196,18.932461,1.556832,4.856479,7.600123,0.000000,6.270488
0.002000,44.565923,18.932338,1.566560,4.871679,7.600123,0.000000,6.270537
0.002000,44.575681,18.932215,1.576319,4.886879,7.600123,0.000000,6.270587
0.002000,44.585469,18.932092,1.586108,4.902080,7.600123,0.000000,6.270637
0.002000,44.595288,18.931969,1.595927,4.917280,7.600123,0.000000,6.270687
0.002000,44.605137,18.931846,1.605777,4.932480,7.600123,0.000000,6.270737
0.002000,44.615016,18.931723,1.615657,4.947680,7.600123,-0.000000,6.270787
0.002000,44.624926,18.931600,1.625568,4.962881,7.600123,0.000000,6.270837
0.002000,44.634866,18.931478,1.635509,4.978081,7.600123,0.000000,6.270887
0.002000,44.644837,18.931356,1.645480,4.993281,7.600123,0.000000,6.270937
0.002000,44.654838,18.931233,1.655482,5.008481,7.600123,0.000000,6.270987
0.002000,44.664869,18.931111,1.665514,5.023682,7.600123,0.000000,6.271038
0.002000,44.674931,18.930989,1.675576,5.038882,7.600123,-0.000000,6.271088
0.002000,44.685023,18.930867,1.685669,5.054082,7.600123,0.000000,6.271138
0.002000,44.695146,18.930746,1.695793,5.069282,7.600123,0.000000,6.271189
0.002000,44.705299,18.930624,1.705946,5.084483,7.600123,0.000000,6.271239
0.002000,44.715482,18.930503,1.716131,5.099683,7.600123,0.000000,6.271290
0.002000,44.725696,18.930382,1.726345,5.114883,7.600123,0.000000,6.271340
0.002000,44.735940,18.930260,1.736590,5.130083,7.600123,0.000000,6.271391
0.002000,44.746215,18.930139,1.746866,5.145284,7.600123,-0.000000,6.271442
0.002000,44.756520,18.930019,1.757171,5.160484,7.600123,0.000000,6.271493
0.002000,44.766855,18.929898,1.767507,5.175684,7.600123,0.000000,6.271543
0.002000,44.777221,18.929778,1.777874,5.190884,7.600123,0.000000,6.271594
0.002000,44.787618,18.929657,1.788271,5.206084,7.600123,0.000000,6.271645
0.002000,44.798044,18.929537,1.798698,5.221285,7.600123,0.000000,6.271696
0.002000,44.808501,18.929418,1.809156,5.236485,7.600123,-0.000000,6.271747
0.002000,44.818989,18.929298,1.819644,5.251685,7.600123,0.000000,6.271798
0.002000,44.829507,18.929178,1.830163,5.266885,7.600123,0.000000,6.271849
0.002000,44.840055,18.929059,1.840712,5.282086,7.600123,0.000000,6.271900
0.002000,44.850634,18.928940,1.851291,5.297286,7.600123,0.000000,6.271952
0.002000,44.861243,18.928821,1.861901,5.312486,7.600123,0.000000,6.272003
0.002000,44.871882,18.928702,1.872541,5.327686,7.600123,-0.000000,6.272054
0.002000,44.882552,18.928584,1.883212,5.342887,7.600123,0.000000,6.272105
0.002000,44.893253,18.928465,1.893913,5.358087,7.600123,0.000000,6.272157
0.002000,44.903983,18.928347,1.904644,5.373287,7.600123,0.000000,6.272208
0.002000,44.914744,18.928230,1.915406,5.388487,7.600123,0.000000,6.272259
0.002000,44.925536,18.928112,1.926198,5.403688,7.600123,0.000000,6.272311
0.002000,44.936358,18.927995,1.937021,5.418888,7.600123,0.000000,6.272362
0.002000,44.947210,18.927877,1.947874,5.434088,7.600123,-0.000000,6.272414
0.002000,44.958093,18.927760,1.958757,5.449288,7.600123,0.000000,6.272465
0.002000,44.969006,18.927644,1.969671,5.464489,7.600123,0.000000,6.272517
0.002000,44.979950,18.927527,1.980615,5.479689,7.600123,0.000000,6.272569
0.002000,44.990924,18.927411,1.991590,5.494889,7.600123,0.000000,6.272620
0.002000,45.001928,18.927295,2.002595,5.510089,7.600123,0.000000,6.272672
0.002000,45.012963,18.927179,2.013630,5.525290,7.600123,-0.000000,6.272724
0.002000,45.024028,18.927064,2.024696,5.540490,7.600123,0.000000,6.272775
0.002000,45.035124,18.926949,2.035792,5.555690,7.600123,0.000000,6.272827
0.002000,45.046250,18.926834,2.046918,5.570890,7.600123,0.000000,6.272879
0.002000,45.057406,18.926719,2.058075,5.586091,7.600123,0.000000,6.272931
0.002000,45.068593,18.926604,2.069263,5.601291,7.600123,0.000000,6.272983
0.002000,45.079810,18.926490,2.080481,5.616491,7.600123,0.000000,6.273034
0.002000,45.091058,18.926376,2.091729,5.631691,7.600123,-0.000000,6.273086
0.002000,45.102336,18.926263,2.103007,5.646892,7.600123,0.000000,6.273138
0.002000,45.113644,18.926150,2.114316,5.662092,7.600123,0.000000,6.273190
0.002000,45.124983,18.926036,2.125656,5.677292,7.600123,0.000000,6.273242
0.002000,45.136352,18.925924,2.137025,5.692492,7.600123,0.000000,6.273294
0.002000,45.147752,18.925811,2.148426,5.707693,7.600123,0.000000,6.273346
0.002000,45.159182,18.925699,2.159856,5.722893,7.600123,-0.000000,6.273398
0.002000,45.170642,18.925587,2.171317,5.738093,7.600123,0.000000,6.273450
0.002000,45.182133,18.925476,2.182809,5.753293,7.600123,0.000000,6.273502
0.002000,45.193654,18.925364,2.194330,5.768494,7.600123,0.000000,6.273554
0.002000,45.205206,18.925253,2.205883,5.783694,7.600123,0.000000,6.273606
0.002000,45.216788,18.925143,2.217465,5.798894,7.600123,0.000000,6.273658
0.002000,45.228400,18.925032,2.229078,5.814094,7.600123,-0.000000,6.273710
0.002000,45.240043,18.924922,2.240722,5.829295,7.600123,0.000000,6.273762
0.002000,45.251717,18.924813,2.252395,5.844495,7.600123,0.000000,6.273814
0.002000,45.263420,18.924703,2.264100,5.859695,7.600123,0.000000,6.273866
0.002000,45.275154,18.924594,2.275834,5.874895,7.600123,0.000000,6.273918
0.002000,45.286919,18.924486,2.287599,5.890096,7.600123,0.000000,6.273971
0.002000,45.298714,18.924377,2.299395,5.905296,7.600123,0.000000,6.274023
0.002000,45.310539,18.924269,2.311220,5.920496,7.600123,-0.000000,6.274075
0.002000,45.322395,18.924161,2.323077,5.935696,7.600123,0.000000,6.274127
0.002000,45.334281,18.924054,2.334963,5.950897,7.600123,0.000000,6.274179
0.002000,45.346197,18.923947,2.346880,5.966097,7.600123,0.000000,6.274231
0.002000,45.358144,18.923840,2.358827,5.981297,7.600123,0.000000,6.274283
0.002000,45.370122,18.923734,2.370805,5.996497,7.600123,0.000000,6.274335
0.002000,45.382129,18.923628,2.382813,6.011698,7.600123,-0.000000,6.274387
0.002000,45.394167,18.923523,2.394852,6.026898,7.600123,0.000000,6.274439
0.002000,45.406236,18.923417,2.406921,6.042098,7.600123,0.000000,6.274492
0.002000,45.418335,18.923312,2.419020,6.057298,7.600123,0.000000,6.274544
0.002000,45.430464,18.923208,2.431150,6.072499,7.600123,0.000000,6.274596
0.002000,45.442624,18.923104,2.443310,6.087699,7.600123,0.000000,6.274648
0.002000,45.454814,18.923000,2.455501,6.102899,7.600123,0.000000,6.274700
0.002000,45.467035,18.922897,2.467722,6.118099,7.600123,-0.000000,6.274752
0.002000,45.479286,18.922794,2.479973,6.133300,7.600123,0.000000,6.274804
0.002000,45.491567,18.922691,2.492255,6.148500,7.600123,0.000000,6.274856
0.002000,45.503879,18.922589,2.504567,6.163700,7.600123,0.000000,6.274908
0.002000,45.516221,18.922487,2.516910,6.178900,7.600123,-0.000000,6.274960
0.002000,45.528594,18.922385,2.529283,6.194101,7.600123,0.000000,6.275012
0.002000,45.540997,18.922284,2.541686,6.209301,7.600123,-0.000000,6.275064
0.002000,45.553430,18.922184,2.554120,6.224501,7.600123,0.000000,6.275116
0.002000,45.565894,18.922084,2.566584,6.239701,7.600123,0.000000,6.275168
0.002000,45.578388,18.921984,2.579079,6.254902,7.600123,0.000000,6.275220
0.002000,45.590913,18.921884,2.591604,6.270102,7.600123,0.000000,6.275271
0.002000,45.603468,18.921785,2.604159,6.285302,7.600123,0.000000,6.275323
0.002000,45.616053,18.921687,2.616745,6.300502,7.600123,-0.000000,6.275375
0.002000,45.628669,18.921588,2.629361,6.315702,7.600123,0.000000,6.275427
0.002000,45.641315,18.921491,2.642008,6.330903,7.600123,0.000000,6.275479
0.002000,45.653992,18.921393,2.654685,6.346103,7.600123,0.000000,6.275530
0.002000,45.666699,18.921296,2.667392,6.361303,7.600123,0.000000,6.275582
0.002000,45.679436,18.921200,2.680130,6.376503,7.600123,0.000000,6.275634
0.002000,45.692204,18.921104,2.692899,6.391704,7.600123,0.000000,6.275686
0.002000,45.705002,18.921008,2.705697,6.406904,7.600123,-0.000000,6.275737
0.002000,45.717831,18.920913,2.718526,6.422104,7.600123,0.000000,6.275789
0.002000,45.730690,18.920818,2.731386,6.437304,7.600123,0.000000,6.275840
0.002000,45.743579,18.920724,2.744275,6.452505,7.600123,0.000000,6.275892
0.002000,45.756499,18.920630,2.757196,6.467705,7.600123,0.000000,6.275943
0.002000,45.769450,18.920536,2.770146,6.482905,7.600123,0.000000,6.275995
0.002000,45.782430,18.920443,2.783127,6.498105,7.600123,-0.000000,6.276046
0.002000,45.795441,18.920351,2.796139,6.513306,7.600123,0.000000,6.276098
0.002000,45.808483,18.920259,2.809180,6.528506,7.600123,0.000000,6.276149
0.002000,45.821555,18.920167,2.822253,6.543706,7.600123,0.000000,6.276200
0.002000,45.834657,18.920076,2.835355,6.558906,7.600123,0.000000,6.276252
0.002000,45.847790,18.919985,2.848488,6.574107,7.600123,0.000000,6.276303
0.002000,45.860953,18.919895,2.861652,6.589307,7.600123,0.000000,6.276354
0.002000,45.874146,18.919805,2.874845,6.604507,7.600123,-0.000000,6.276405
0.002000,45.887370,18.919716,2.888070,6.619707,7.600123,0.000000,6.276456
0.002000,45.900625,18.919627,2.901324,6.634908,7.600123,0.000000,6.276507
0.002000,45.913909,18.919538,2.914609,6.650108,7.600123,0.000000,6.276558
0.002000,45.927224,18.919451,2.927925,6.665308,7.600123,0.000000,6.276609
0.002000,45.940570,18.919363,2.941271,6.680508,7.600123,0.000000,6.276660
0.002000,45.953946,18.919276,2.954647,6.695709,7.600123,-0.000000,6.276711
0.002000,45.967352,18.919190,2.968053,6.710909,7.600123,0.000000,6.276762
0.002000,45.980789,18.919104,2.981490,6.726109,7.600123,0.000000,6.276812
0.002000,45.994256,18.919018,2.994958,6.741309,7.600123,0.000000,6.276863
0.002000,46.007754,18.918933,3.008456,6.756510,7.600123,0.000000,6.276914
0.002000,46.021282,18.918849,3.021984,6.771710,7.600123,0.000000,6.276964
0.002000,46.034840,18.918765,3.035542,6.786910,7.600123,0.000000,6.277015
0.002000,46.048429,18.918681,3.049131,6.802110,7.600123,-0.000000,6.277065
0.002000,46.062048,18.918598,3.062751,6.817311,7.600123,0.000000,6.277116
0.002000,46.075698,18.918516,3.076401,6.832511,7.600123,0.000000,6.277166
0.002000,46.089377,18.918434,3.090081,6.847711,7.600123,0.000000,6.277216
0.002000,46.103088,18.918352,3.103792,6.862911,7.600123,0.000000,6.277266
0.002000,46.116829,18.918271,3.117533,6.878112,7.600123,0.000000,6.277316
0.002000,46.130600,18.918191,3.131304,6.893312,7.600123,-0.000000,6.277367
0.002000,46.144401,18.918111,3.145106,6.908512,7.600123,0.000000,6.277416
0.002000,46.158233,18.918031,3.158938,6.923712,7.600123,0.000000,6.277466
0.002000,46.172096,18.917952,3.172801,6.938913,7.600123,0.000000,6.277516
0.002000,46.185989,18.917874,3.186694,6.954113,7.600123,0.000000,6.277566
0.002000,46.199912,18.917796,3.200617,6.969313,7.600123,0.000000,6.277616
0.002000,46.213865,18.917719,3.214571,6.984513,7.600123,-0.000000,6.277665
0.002000,46.227849,18.917642,3.228555,6.999714,7.600123,0.000000,6.277715
0.002000,46.241864,18.917566,3.242570,7.014914,7.600123,0.000000,6.277764
0.002000,46.255909,18.917490,3.256615,7.030114,7.600123,0.000000,6.277814
0.002000,46.269984,18.917415,3.270690,7.045314,7.600123,0.000000,6.277863
0.002000,46.284090,18.917340,3.284796,7.060515,7.600123,0.000000,6.277912
0.002000,46.298226,18.917266,3.298932,7.075715,7.600123,0.000000,6.277961
0.002000,46.312392,18.917192,3.313099,7.090915,7.600123,-0.000000,6.278010
0.002000,46.326589,18.917119,3.327296,7.106115,7.600123,0.000000,6.278059
0.002000,46.340816,18.917046,3.341523,7.121316,7.600123,0.000000,6.278108
0.002000,46.355074,18.916974,3.355781,7.136278,7.481371,-59.375964,6.278157
0.002000,46.369361,18.916903,3.370068,7.151004,7.362619,-59.375964,6.278206
0.002000,46.383677,18.916832,3.384385,7.165491,7.243868,-59.375964,6.278255
0.002000,46.398022,18.916761,3.398730,7.179742,7.125116,-59.375964,6.278303
0.002000,46.412395,18.916692,3.413104,7.193754,7.006364,-59.375964,6.278351
0.002000,46.426796,18.916622,3.427505,7.207529,6.887612,-59.375964,6.278400
0.002000,46.441225,18.916554,3.441933,7.221067,6.768860,-59.375964,6.278448
0.002000,46.455680,18.916486,3.456389,7.234367,6.650108,-59.375964,6.278496
0.002000,46.470162,18.916418,3.470871,7.247430,6.531356,-59.375964,6.278544
0.002000,46.484669,18.916351,3.485378,7.260255,6.412604,-59.375964,6.278592
0.002000,46.499202,18.916285,3.499911,7.272843,6.293852,-59.375964,6.278640
0.002000,46.513760,18.916219,3.514469,7.285193,6.175100,-59.375964,6.278688
0.002000,46.528343,18.916154,3.529052,7.297306,6.056348,-59.375964,6.278735
0.002000,46.542949,18.916089,3.543658,7.309181,5.937596,-59.375964,6.278782
0.002000,46.557579,18.916025,3.558288,7.320819,5.818844,-59.375964,6.278830
0.002000,46.572232,18.915961,3.572941,7.332219,5.700093,-59.375964,6.278877
0.002000,46.586907,18.915898,3.587617,7.343382,5.581341,-59.375964,6.278924
0.002000,46.601605,18.915836,3.602315,7.354307,5.462589,-59.375964,6.278971
0.002000,46.616324,18.915774,3.617034,7.364995,5.343837,-59.375964,6.279018
0.002000,46.631064,18.915713,3.631775,7.375445,5.225085,-59.375964,6.279064
0.002000,46.645825,18.915653,3.646536,7.385657,5.106333,-59.375964,6.279111
0.002000,46.660606,18.915593,3.661317,7.395633,4.987581,-59.375964,6.279157
0.002000,46.675407,18.915534,3.676118,7.405370,4.868829,-59.375964,6.279203
0.002000,46.690227,18.915475,3.690938,7.414870,4.750077,-59.375964,6.279249
0.002000,46.705066,18.915417,3.705777,7.424133,4.631325,-59.375964,6.279295
0.002000,46.719923,18.915360,3.720634,7.433158,4.512573,-59.375964,6.279341
0.002000,46.734798,18.915303,3.735510,7.441946,4.393821,-59.375964,6.279387
0.002000,46.749691,18.915246,3.750402,7.450496,4.275069,-59.375964,6.279432
0.002000,46.764600,18.915191,3.765311,7.458809,4.156317,-59.375964,6.279477
0.002000,46.779525,18.915136,3.780237,7.466884,4.037566,-59.375964,6.279523
0.002000,46.794467,18.915081,3.795179,7.474721,3.918814,-59.375964,6.279568
0.002000,46.809424,18.915028,3.810136,7.482321,3.800062,-59.375964,6.279612
0.002000,46.824396,18.914974,3.825108,7.489684,3.681310,-59.375964,6.279657
0.002000,46.839382,18.914922,3.840094,7.496809,3.562558,-59.375964,6.279701
0.002000,46.854383,18.914870,3.855095,7.503697,3.443806,-59.375964,6.279746
0.002000,46.869397,18.914819,3.870109,7.510347,3.325054,-59.375964,6.279790
0.002000,46.884424,18.914768,3.885136,7.516759,3.206302,-59.375964,6.279834
0.002000,46.899463,18.914718,3.900175,7.522935,3.087550,-59.375964,6.279878
0.002000,46.914515,18.914668,3.915227,7.528872,2.968798,-59.375964,6.279921
0.002000,46.929578,18.914620,3.930291,7.534572,2.850046,-59.375964,6.279965
0.002000,46.944653,18.914571,3.945365,7.540035,2.731294,-59.375964,6.280008
0.002000,46.959738,18.914524,3.960451,7.545260,2.612542,-59.375964,6.280051
0.002000,46.974834,18.914477,3.975546,7.550248,2.493790,-59.375964,6.280094
0.002000,46.989939,18.914430,3.990651,7.554998,2.375039,-59.375964,6.280137
0.002000,47.005053,18.914385,4.005766,7.559510,2.256287,-59.375964,6.280179
0.002000,47.020176,18.914340,4.020889,7.563785,2.137535,-59.375964,6.280221
0.002000,47.035308,18.914295,4.036021,7.567823,2.018783,-59.375964,6.280263
0.002000,47.050447,18.914251,4.051160,7.571623,1.900031,-59.375964,6.280305
0.002000,47.065594,18.914208,4.066307,7.575185,1.781279,-59.375964,6.280347
0.002000,47.080748,18.914165,4.081461,7.578510,1.662527,-59.375964,6.280389
0.002000,47.095908,18.914123,4.096621,7.581598,1.543775,-59.375964,6.280430
0.002000,47.111074,18.914082,4.111787,7.584448,1.425023,-59.375964,6.280471
0.002000,47.126245,18.914041,4.126958,7.587061,1.306271,-59.375964,6.280512
0.002000,47.141422,18.914000,4.142135,7.589436,1.187519,-59.375964,6.280553
0.002000,47.156603,18.913961,4.157316,7.591573,1.068767,-59.375964,6.280593
0.002000,47.171788,18.913922,4.172501,7.593473,0.950015,-59.375964,6.280634
0.002000,47.186976,18.913883,4.187690,7.595136,0.831263,-59.375964,6.280674
0.002000,47.202168,18.913845,4.202881,7.596561,0.712512,-59.375964,6.280714
0.002000,47.217362,18.913808,4.218076,7.597748,0.593760,-59.375964,6.280753
0.002000,47.232558,18.913771,4.233272,7.598698,0.475008,-59.375964,6.280793
0.002000,47.247757,18.913735,4.248470,7.599411,0.356256,-59.375964,6.280832
0.002000,47.262956,18.913700,4.263669,7.599886,0.237504,-59.375964,6.280871
0.002000,47.278156,18.913665,4.278869,7.600123,0.118752,-59.375964,6.280910
0.002000,47.293356,18.913631,4.294070,7.599965,-0.079046,-98.898909,6.280949
0.002000,47.308555,18.913597,4.309269,7.599570,-0.197798,-59.375964,6.280987
0.002000,47.323754,18.913564,4.324468,7.598937,-0.316550,-59.375964,6.281025
0.002000,47.338951,18.913531,4.339665,7.598066,-0.435302,-59.375964,6.281063
0.002000,47.354146,18.913499,4.354860,7.596958,-0.554054,-59.375964,6.281101
0.002000,47.369338,18.913468,4.370052,7.595612,-0.672806,-59.375964,6.281138
0.002000,47.384528,18.913437,4.385242,7.594029,-0.791557,-59.375964,6.281176
0.002000,47.399714,18.913407,4.400428,7.592209,-0.910309,-59.375964,6.281213
0.002000,47.414896,18.913377,4.415610,7.590150,-1.029061,-59.375964,6.281249
0.002000,47.430074,18.913348,4.430788,7.587855,-1.147813,-59.375964,6.281286
0.002000,47.445248,18.913320,4.445962,7.585322,-1.266565,-59.375964,6.281322
0.002000,47.460415,18.913292,4.461129,7.582551,-1.385317,-59.375964,6.281359
0.002000,47.475577,18.913264,4.476292,7.579543,-1.504069,-59.375964,6.281395
0.002000,47.490733,18.913237,4.491447,7.576297,-1.622821,-59.375964,6.281430
0.002000,47.505882,18.913211,4.506597,7.572814,-1.741573,-59.375964,6.281466
0.002000,47.521024,18.913185,4.521738,7.569093,-1.860325,-59.375964,6.281501
0.002000,47.536158,18.913160,4.536873,7.565135,-1.979077,-59.375964,6.281536
0.002000,47.551284,18.913135,4.551999,7.560940,-2.097829,-59.375964,6.281571
0.002000,47.566402,18.913111,4.567116,7.556506,-2.216581,-59.375964,6.281605
0.002000,47.581510,18.913088,4.582225,7.551836,-2.335333,-59.375964,6.281639
0.002000,47.596609,18.913065,4.597323,7.546928,-2.454084,-59.375964,6.281673
0.002000,47.611698,18.913042,4.612412,7.541782,-2.572836,-59.375964,6.281707
0.002000,47.626776,18.913020,4.627490,7.536399,-2.691588,-59.375964,6.281741
0.002000,47.641843,18.912998,4.642557,7.530778,-2.810340,-59.375964,6.281774
0.002000,47.656899,18.912977,4.657613,7.524920,-2.929092,-59.375964,6.281807
0.002000,47.671942,18.912957,4.672657,7.518824,-3.047844,-59.375964,6.281840
0.002000,47.686974,18.912937,4.687688,7.512491,-3.166596,-59.375964,6.281873
0.002000,47.701992,18.912918,4.702707,7.505920,-3.285348,-59.375964,6.281905
0.002000,47.716997,18.912899,4.717712,7.499112,-3.404100,-59.375964,6.281937
0.002000,47.731988,18.912880,4.732703,7.492066,-3.522852,-59.375964,6.281969
0.002000,47.746965,18.912862,4.747680,7.484783,-3.641604,-59.375964,6.282001
0.002000,47.761927,18.912845,4.762642,7.477262,-3.760356,-59.375964,6.282032
0.002000,47.776874,18.912828,4.777588,7.469504,-3.879108,-59.375964,6.282063
0.002000,47.791805,18.912811,4.792519,7.461509,-3.997859,-59.375964,6.282094
0.002000,47.806720,18.912795,4.807434,7.453275,-4.116611,-59.375964,6.282125
0.002000,47.821618,18.912780,4.822332,7.444805,-4.235363,-59.375964,6.282155
0.002000,47.836499,18.912764,4.837213,7.436096,-4.354115,-59.375964,6.282186
0.002000,47.851362,18.912750,4.852076,7.427151,-4.472867,-59.375964,6.282216
0.002000,47.866207,18.912736,4.866922,7.417967,-4.591619,-59.375964,6.282245
0.002000,47.881034,18.912722,4.881748,7.408547,-4.710371,-59.375964,6.282275
0.002000,47.895841,18.912709,4.896555,7.398888,-4.829123,-59.375964,6.282304
0.002000,47.910629,18.912696,4.911343,7.388993,-4.947875,-59.375964,6.282333
0.002000,47.925397,18.912683,4.926111,7.378859,-5.066627,-59.375964,6.282362
0.002000,47.940144,18.912671,4.940859,7.368489,-5.185379,-59.375964,6.282390
0.002000,47.954870,18.912660,4.955585,7.357880,-5.304131,-59.375964,6.282418
0.002000,47.969575,18.912649,4.970290,7.347035,-5.422883,-59.375964,6.282446
0.002000,47.984258,18.912638,4.984973,7.335951,-5.541635,-59.375964,6.282474
0.002000,47.998919,18.912628,4.999633,7.324631,-5.660386,-59.375964,6.282502
0.002000,48.013557,18.912618,5.014271,7.313072,-5.779138,-59.375964,6.282529
0.002000,48.028171,18.912609,5.028885,7.301277,-5.897890,-59.375964,6.282556
0.002000,48.042761,18.912600,5.043476,7.289243,-6.016642,-59.375964,6.282583
0.002000,48.057328,18.912591,5.058042,7.276972,-6.135394,-59.375964,6.282609
0.002000,48.071869,18.912583,5.072584,7.264464,-6.254146,-59.375964,6.282635
0.002000,48.086385,18.912575,5.087100,7.251718,-6.372898,-59.375964,6.282661
0.002000,48.100876,18.912568,5.101590,7.238735,-6.491650,-59.375964,6.282687
0.002000,48.115340,18.912561,5.116055,7.225514,-6.610402,-59.375964,6.282713
0.002000,48.129778,18.912554,5.130492,7.212056,-6.729154,-59.375964,6.282738
0.002000,48.144188,18.912548,5.144902,7.198360,-6.847906,-59.375964,6.282763
0.002000,48.158571,18.912542,5.159285,7.184427,-6.966658,-59.375964,6.282788
0.002000,48.172925,18.912537,5.173640,7.170256,-7.085410,-59.375964,6.282813
0.002000,48.187252,18.912531,5.187966,7.155848,-7.204162,-59.375964,6.282837
0.002000,48.201549,18.912527,5.202263,7.141202,-7.322913,-59.375964,6.282861
0.002000,48.215816,18.912522,5.216531,7.126319,-7.441665,-59.375964,6.282885
0.002000,48.230054,18.912518,5.230768,7.111198,-7.560417,-59.375964,6.282908
0.002000,48.244261,18.912514,5.244975,7.095997,-7.600123,-19.853019,6.282932
0.002000,48.258438,18.912511,5.259152,7.080797,-7.600123,0.000000,6.282955
0.002000,48.272584,18.912508,5.273299,7.065597,-7.600123,-0.000000,6.282978
0.002000,48.286700,18.912505,5.287415,7.050397,-7.600123,0.000000,6.283000
0.002000,48.300786,18.912502,5.301500,7.035196,-7.600123,0.000000,6.283023
0.002000,48.314841,18.912500,5.315555,7.019996,-7.600123,0.000000,6.283045
0.002000,48.328866,18.912499,5.329580,7.004796,-7.600123,0.000000,6.283067
0.002000,48.342860,18.912497,5.343575,6.989596,-7.600123,0.000000,6.283089
0.002000,48.356824,18.912496,5.357538,6.974395,-7.600123,-0.000000,6.283110
0.002000,48.370758,18.912495,5.371472,6.959195,-7.600123,0.000000,6.283131
0.002000,48.384661,18.912494,5.385375,6.943995,-7.600123,0.000000,6.283153
0.002000,48.398534,18.912494,5.399248,6.928795,-7.600123,0.000000,6.283173
0.002000,48.412376,18.912494,5.413090,6.913594,-7.600123,0.000000,0.000009
0.002000,48.426188,18.912494,5.426902,6.898394,-7.600123,0.000000,0.000029
0.002000,48.439969,18.912495,5.440684,6.883194,-7.600123,0.000000,0.000049
0.002000,48.453721,18.912496,5.454435,6.867994,-7.600123,-0.000000,0.000069
0.002000,48.467441,18.912497,5.468156,6.852794,-7.600123,0.000000,0.000089
0.002000,48.481132,18.912498,5.481846,6.837593,-7.600123,0.000000,0.000108
0.002000,48.494792,18.912500,5.495506,6.822393,-7.600123,0.000000,0.000127
0.002000,48.508421,18.912502,5.509136,6.807193,-7.600123,0.000000,0.000146
0.002000,48.522021,18.912504,5.522735,6.791993,-7.600123,0.000000,0.000165
0.002000,48.535589,18.912506,5.536304,6.776792,-7.600123,-0.000000,0.000184
0.002000,48.549128,18.912509,5.549842,6.761592,-7.600123,0.000000,0.000202
0.002000,48.562636,18.912511,5.563350,6.746392,-7.600123,0.000000,0.000220
0.002000,48.576113,18.912515,5.576828,6.731192,-7.600123,0.000000,0.000238
0.002000,48.589561,18.912518,5.590275,6.715991,-7.600123,0.000000,0.000256
0.002000,48.602977,18.912521,5.603692,6.700791,-7.600123,0.000000,0.000274
0.002000,48.616364,18.912525,5.617078,6.685591,-7.600123,-0.000000,0.000291
0.002000,48.629720,18.912529,5.630434,6.670391,-7.600123,0.000000,0.000308
0.002000,48.643045,18.912533,5.643760,6.655190,-7.600123,0.000000,0.000325
0.002000,48.656340,18.912538,5.657055,6.639990,-7.600123,0.000000,0.000342
0.002000,48.669605,18.912543,5.670320,6.624790,-7.600123,0.000000,0.000358
0.002000,48.682840,18.912547,5.683554,6.609590,-7.600123,0.000000,0.000374
0.002000,48.696044,18.912552,5.696758,6.594389,-7.600123,0.000000,0.000390
0.002000,48.709217,18.912558,5.709932,6.579189,-7.600123,-0.000000,0.000406
0.002000,48.722360,18.912563,5.723075,6.563989,-7.600123,0.000000,0.000422
0.002000,48.735473,18.912569,5.736188,6.548789,-7.600123,0.000000,0.000438
0.002000,48.748555,18.912575,5.749270,6.533588,-7.600123,0.000000,0.000453
0.002000,48.761607,18.912581,5.762322,6.518388,-7.600123,0.000000,0.000468
0.002000,48.774629,18.912587,5.775344,6.503188,-7.600123,0.000000,0.000483
0.002000,48.787620,18.912593,5.788335,6.487988,-7.600123,-0.000000,0.000498
0.002000,48.800581,18.912600,5.801296,6.472787,-7.600123,0.000000,0.000512
0.002000,48.813511,18.912606,5.814226,6.457587,-7.600123,0.000000,0.000526
0.002000,48.826411,18.912613,5.827126,6.442387,-7.600123,0.000000,0.000541
0.002000,48.839281,18.912620,5.839995,6.427187,-7.600123,0.000000,0.000555
0.002000,48.852120,18.912628,5.852835,6.411986,-7.600123,0.000000,0.000568
0.002000,48.864929,18.912635,5.865643,6.396786,-7.600123,0.000000,0.000582
0.002000,48.877707,18.912642,5.878422,6.381586,-7.600123,-0.000000,0.000595
0.002000,48.890455,18.912650,5.891170,6.366386,-7.600123,0.000000,0.000608
0.002000,48.903173,18.912658,5.903887,6.351185,-7.600123,0.000000,0.000621
0.002000,48.915860,18.912666,5.916574,6.335985,-7.600123,0.000000,0.000634
0.002000,48.928517,18.912674,5.929231,6.320785,-7.600123,0.000000,0.000647
0.002000,48.941143,18.912682,5.941858,6.305585,-7.600123,0.000000,0.000659
0.002000,48.953739,18.912691,5.954454,6.290384,-7.600123,-0.000000,0.000672
0.002000,48.966305,18.912699,5.967019,6.275184,-7.600123,0.000000,0.000684
0.002000,48.978840,18.912708,5.979554,6.259984,-7.600123,0.000000,0.000696
0.002000,48.991344,18.912717,5.992059,6.244784,-7.600123,0.000000,0.000708
0.002000,49.003819,18.912725,6.004533,6.229583,-7.600123,0.000000,0.000719
0.002000,49.016263,18.912734,6.016977,6.214383,-7.600123,-0.000000,0.000731
0.002000,49.028676,18.912744,6.029391,6.199183,-7.600123,-0.000000,0.000742
0.002000,49.041060,18.912753,6.041774,6.183983,-7.600123,0.000000,0.000753
0.002000,49.053412,18.912762,6.054127,6.168782,-7.600123,0.000000,0.000764
0.002000,49.065735,18.912772,6.066449,6.153582,-7.600123,0.000000,0.000774
0.002000,49.078027,18.912781,6.078741,6.138382,-7.600123,0.000000,0.000785
0.002000,49.090288,18.912791,6.091003,6.123182,-7.600123,0.000000,0.000795
0.002000,49.102519,18.912801,6.103234,6.107981,-7.600123,0.000000,0.000806
0.002000,49.114720,18.912811,6.115435,6.092781,-7.600123,-0.000000,0.000816
0.002000,49.126890,18.912821,6.127605,6.077581,-7.600123,0.000000,0.000826
0.002000,49.139030,18.912831,6.139745,6.062381,-7.600123,0.000000,0.000835
0.002000,49.151140,18.912841,6.151855,6.047180,-7.600123,0.000000,0.000845
0.002000,49.163219,18.912851,6.163934,6.031980,-7.600123,0.000000,0.000854
0.002000,49.175268,18.912862,6.175983,6.016780,-7.600123,0.000000,0.000864
0.002000,49.187286,18.912872,6.188001,6.001580,-7.600123,-0.000000,0.000873
0.002000,49.199274,18.912882,6.199989,5.986379,-7.600123,0.000000,0.000882
0.002000,49.211232,18.912893,6.211946,5.971179,-7.600123,0.000000,0.000890
0.002000,49.223159,18.912904,6.223874,5.955979,-7.600123,0.000000,0.000899
0.002000,49.235056,18.912914,6.235770,5.940779,-7.600123,0.000000,0.000907
0.002000,49.246922,18.912925,6.247637,5.925578,-7.600123,0.000000,0.000916
0.002000,49.258758,18.912936,6.259473,5.910378,-7.600123,0.000000,0.000924
0.002000,49.270564,18.912947,6.271278,5.895178,-7.600123,-0.000000,0.000932
0.002000,49.282339,18.912958,6.283053,5.879978,-7.600123,0.000000,0.000940
0.002000,49.294083,18.912969,6.294798,5.864777,-7.600123,0.000000,0.000947
0.002000,49.305798,18.912980,6.306512,5.849577,-7.600123,0.000000,0.000955
0.002000,49.317482,18.912992,6.318196,5.834377,-7.600123,0.000000,0.000962
0.002000,49.329135,18.913003,6.329850,5.819177,-7.600123,0.000000,0.000970
0.002000,49.340758,18.913014,6.341473,5.803976,-7.600123,-0.000000,0.000977
0.002000,49.352351,18.913026,6.353066,5.788776,-7.600123,0.000000,0.000984
0.002000,49.363913,18.913037,6.364628,5.773576,-7.600123,0.000000,0.000990
0.002000,49.375445,18.913048,6.376160,5.758376,-7.600123,0.000000,0.000997
0.002000,49.386947,18.913060,6.387662,5.743175,-7.600123,0.000000,0.001004
0.002000,49.398418,18.913071,6.399133,5.727975,-7.600123,0.000000,0.001010
0.002000,49.409859,18.913083,6.410574,5.712775,-7.600123,0.000000,0.001016
0.002000,49.421269,18.913095,6.421984,5.697575,-7.600123,-0.000000,0.001022
0.002000,49.432649,18.913106,6.433364,5.682375,-7.600123,0.000000,0.001028
0.002000,49.443999,18.913118,6.444713,5.667174,-7.600123,0.000000,0.001034
0.002000,49.455318,18.913130,6.456033,5.651974,-7.600123,0.000000,0.001040
0.002000,49.466607,18.913142,6.467321,5.636774,-7.600123,0.000000,0.001045
0.002000,49.477865,18.913153,6.478580,5.621574,-7.600123,0.000000,0.001051
0.002000,49.489093,18.913165,6.489808,5.606373,-7.600123,-0.000000,0.001056
0.002000,49.500290,18.913177,6.501005,5.591173,-7.600123,0.000000,0.001061
0.002000,49.511458,18.913189,6.512172,5.575973,-7.600123,0.000000,0.001066
0.002000,49.522594,18.913201,6.523309,5.560773,-7.600123,0.000000,0.001071
0.002000,49.533701,18.913213,6.534415,5.545572,-7.600123,0.000000,0.001076
0.002000,49.544777,18.913225,6.545491,5.530372,-7.600123,0.000000,0.001081
0.002000,49.555822,18.913237,6.556537,5.515172,-7.600123,-0.000000,0.001085
0.002000,49.566837,18.913249,6.567552,5.499972,-7.600123,0.000000,0.001090
0.002000,49.577822,18.913261,6.578537,5.484771,-7.600123,0.000000,0.001094
0.002000,49.588776,18.913273,6.589491,5.469571,-7.600123,0.000000,0.001098
0.002000,49.599700,18.913285,6.600415,5.454371,-7.600123,0.000000,0.001102
0.002000,49.610594,18.913297,6.611309,5.439171,-7.600123,0.000000,0.001106
0.002000,49.621457,18.913309,6.622172,5.423970,-7.600123,0.000000,0.001110
0.002000,49.632290,18.913321,6.633005,5.408770,-7.600123,-0.000000,0.001113
0.002000,49.643092,18.913333,6.643807,5.393570,-7.600123,0.000000,0.001117
0.002000,49.653864,18.913345,6.654579,5.378370,-7.600123,0.000000,0.001120
0.002000,49.664605,18.913357,6.665320,5.363169,-7.600123,0.000000,0.001124
0.002000,49.675317,18.913369,6.676032,5.347969,-7.600123,0.000000,0.001127
0.002000,49.685997,18.913381,6.686712,5.332769,-7.600123,0.000000,0.001130
0.002000,49.696648,18.913393,6.697363,5.317569,-7.600123,-0.000000,0.001133
0.002000,49.707268,18.913405,6.707983,5.302368,-7.600123,0.000000,0.001136
0.002000,49.717857,18.913417,6.718572,5.287168,-7.600123,0.000000,0.001138
0.002000,49.728416,18.913429,6.729131,5.271968,-7.600123,-0.000000,0.001141
0.002000,49.738945,18.913441,6.739660,5.256768,-7.600123,0.000000,0.001143
0.002000,49.749443,18.913453,6.750158,5.241567,-7.600123,0.000000,0.001146
0.002000,49.759911,18.913465,6.760626,5.226367,-7.600123,-0.000000,0.001148
0.002000,49.770349,18.913477,6.771064,5.211167,-7.600123,0.000000,0.001150
0.002000,49.780756,18.913489,6.781471,5.195967,-7.600123,0.000000,0.001152
0.002000,49.791133,18.913501,6.791848,5.180766,-7.600123,0.000000,0.001154
0.002000,49.801479,18.913513,6.802194,5.165566,-7.600123,0.000000,0.001156
0.002000,49.811795,18.913525,6.812510,5.150366,-7.600123,0.000000,0.001158
0.002000,49.822080,18.913537,6.822795,5.135166,-7.600123,0.000000,0.001159
0.002000,49.832335,18.913549,6.833051,5.119965,-7.600123,-0.000000,0.001161
0.002000,49.842560,18.913561,6.843275,5.104765,-7.600123,0.000000,0.001162
0.002000,49.852755,18.913573,6.853470,5.089565,-7.600123,0.000000,0.001164
0.002000,49.862918,18.913584,6.863634,5.074365,-7.600123,0.000000,0.001165
0.002000,49.873052,18.913596,6.873767,5.059164,-7.600123,0.000000,0.001166
0.002000,49.883155,18.913608,6.883870,5.043964,-7.600123,0.000000,0.001167
0.002000,49.893228,18.913620,6.893943,5.028764,-7.600123,-0.000000,0.001168
0.002000,49.903270,18.913631,6.903985,5.013564,-7.600123,0.000000,0.001169
0.002000,49.913282,18.913643,6.913997,4.998363,-7.600123,0.000000,0.001169
0.002000,49.923264,18.913655,6.923979,4.983163,-7.600123,0.000000,0.001170
0.002000,49.933215,18.913667,6.933930,4.967963,-7.600123,0.000000,0.001170
0.002000,49.943135,18.913678,6.943851,4.952763,-7.600123,0.000000,0.001171
0.002000,49.953026,18.913690,6.953741,4.937562,-7.600123,0.000000,0.001171
0.002000,49.962886,18.913701,6.963601,4.922362,-7.600123,-0.000000,0.001171
0.002000,49.972715,18.913713,6.973430,4.907162,-7.600123,0.000000,0.001172
0.002000,49.982514,18.913724,6.983229,4.891962,-7.600123,0.000000,0.001172
0.002000,49.992283,18.913736,6.992998,4.876761,-7.600123,0.000000,0.001172
0.002000,50.002021,18.913747,7.002736,4.861561,-7.600123,0.000000,0.001172
0.002000,50.011729,18.913758,7.012444,4.846361,-7.600123,0.000000,0.001171
0.002000,50.021407,18.913770,7.022122,4.831161,-7.600123,-0.000000,0.001171
0.002000,50.031054,18.913781,7.031769,4.815960,-7.600123,0.000000,0.001171
0.002000,50.040671,18.913792,7.041386,4.800760,-7.600123,0.000000,0.001170
0.002000,50.050257,18.913804,7.050972,4.785560,-7.600123,0.000000,0.001170
0.002000,50.059813,18.913815,7.060528,4.770360,-7.600123,0.000000,0.001169
0.002000,50.069338,18.913826,7.070054,4.755159,-7.600123,0.000000,0.001168
0.002000,50.078833,18.913837,7.079549,4.739959,-7.600123,0.000000,0.001167
0.002000,50.088298,18.913848,7.089013,4.724759,-7.600123,-0.000000,0.001167
0.002000,50.097732,18.913859,7.098448,4.709559,-7.600123,0.000000,0.001166
0.002000,50.107136,18.913870,7.107852,4.694358,-7.600123,0.000000,0.001165
0.002000,50.116510,18.913881,7.117225,4.679158,-7.600123,0.000000,0.001163
0.002000,50.125853,18.913892,7.126568,4.663958,-7.600123,0.000000,0.001162
0.002000,50.135166,18.913903,7.135881,4.648758,-7.600123,0.000000,0.001161
0.002000,50.144448,18.913913,7.145163,4.633557,-7.600123,-0.000000,0.001160
0.002000,50.153700,18.913924,7.154415,4.618357,-7.600123,0.000000,0.001158
0.002000,50.162921,18.913935,7.163637,4.603157,-7.600123,0.000000,0.001157
0.002000,50.172113,18.913945,7.172828,4.587957,-7.600123,0.000000,0.001155
0.002000,50.181273,18.913956,7.181989,4.572757,-7.600123,0.000000,0.001153
0.002000,50.190404,18.913966,7.191119,4.557556,-7.600123,0.000000,0.001152
0.002000,50.199503,18.913977,7.200219,4.542356,-7.600123,0.000000,0.001150
0.002000,50.208573,18.913987,7.209288,4.527156,-7.600123,-0.000000,0.001148
0.002000,50.217612,18.913998,7.218327,4.511956,-7.600123,0.000000,0.001146
0.002000,50.226621,18.914008,7.227336,4.496755,-7.600123,0.000000,0.001144
0.002000,50.235599,18.914018,7.236314,4.481555,-7.600123,0.000000,0.001142
0.002000,50.244547,18.914028,7.245262,4.466355,-7.600123,0.000000,0.001140
0.002000,50.253464,18.914039,7.254180,4.451155,-7.600123,0.000000,0.001138
0.002000,50.262352,18.914049,7.263067,4.435954,-7.600123,-0.000000,0.001135
0.002000,50.271208,18.914059,7.271924,4.420754,-7.600123,0.000000,0.001133
0.002000,50.280035,18.914069,7.280750,4.405554,-7.600123,0.000000,0.001131
0.002000,50.288830,18.914079,7.289546,4.390354,-7.600123,0.000000,0.001128
0.002000,50.297596,18.914089,7.298311,4.375153,-7.600123,0.000000,0.001125
0.002000,50.306331,18.914098,7.307046,4.359953,-7.600123,0.000000,0.001123
0.002000,50.315036,18.914108,7.315751,4.344753,-7.600123,-0.000000,0.001120
0.002000,50.323710,18.914118,7.324425,4.329553,-7.600123,0.000000,0.001117
0.002000,50.332354,18.914128,7.333069,4.314352,-7.600123,-0.000000,0.001115
0.002000,50.340967,18.914137,7.341683,4.299152,-7.600123,0.000000,0.001112
0.002000,50.349551,18.914147,7.350266,4.283952,-7.600123,0.000000,0.001109
0.002000,50.358103,18.914156,7.358819,4.268752,-7.600123,0.000000,0.001106
0.002000,50.366626,18.914166,7.367341,4.253551,-7.600123,0.000000,0.001103
0.002000,50.375117,18.914175,7.375833,4.238351,-7.600123,-0.000000,0.001100
0.002000,50.383579,18.914184,7.384294,4.223151,-7.600123,0.000000,0.001097
0.002000,50.392010,18.914193,7.392725,4.207951,-7.600123,0.000000,0.001093
0.002000,50.400411,18.914203,7.401126,4.192750,-7.600123,0.000000,0.001090
0.002000,50.408781,18.914212,7.409496,4.177550,-7.600123,0.000000,0.001087
0.002000,50.417121,18.914221,7.417836,4.162350,-7.600123,0.000000,0.001084
0.002000,50.425430,18.914230,7.426146,4.147150,-7.600123,-0.000000,0.001080
0.002000,50.433710,18.914239,7.434425,4.131949,-7.600123,0.000000,0.001077
0.002000,50.441958,18.914248,7.442674,4.116749,-7.600123,0.000000,0.001073
0.002000,50.450177,18.914256,7.450892,4.101549,-7.600123,0.000000,0.001070
0.002000,50.458364,18.914265,7.459080,4.086349,-7.600123,0.000000,0.001066
0.002000,50.466522,18.914274,7.467237,4.071148,-7.600123,0.000000,0.001062
0.002000,50.474649,18.914282,7.475364,4.055948,-7.600123,-0.000000,0.001059
0.002000,50.482746,18.914291,7.483461,4.040748,-7.600123,0.000000,0.001055
0.002000,50.490812,18.914299,7.491527,4.025548,-7.600123,0.000000,0.001051
0.002000,50.498848,18.914308,7.499563,4.010347,-7.600123,0.000000,0.001047
0.002000,50.506853,18.914316,7.507569,3.995147,-7.600123,0.000000,0.001043
0.002000,50.514828,18.914325,7.515544,3.979947,-7.600123,-0.000000,0.001039
0.002000,50.522773,18.914333,7.523489,3.964747,-7.600123,0.000000,0.001035
0.002000,50.530687,18.914341,7.531403,3.949546,-7.600123,0.000000,0.001031
0.002000,50.538571,18.914349,7.539287,3.934346,-7.600123,0.000000,0.001027
0.002000,50.546425,18.914357,7.547140,3.919146,-7.600123,-0.000000,0.001023
0.002000,50.554248,18.914365,7.554963,3.903946,-7.600123,0.000000,0.001019
0.002000,50.562041,18.914373,7.562756,3.888745,-7.600123,0.000000,0.001015
0.002000,50.569803,18.914381,7.570518,3.873545,-7.600123,-0.000000,0.001010
0.002000,50.577535,18.914389,7.578250,3.858345,-7.600123,0.000000,0.001006
0.002000,50.585236,18.914396,7.585952,3.843145,-7.600123,0.000000,0.001002
0.002000,50.592907,18.914404,7.593623,3.827944,-7.600123,-0.000000,0.000997
0.002000,50.600548,18.914412,7.601264,3.812744,-7.600123,0.000000,0.000993
0.002000,50.608158,18.914419,7.608874,3.797544,-7.600123,0.000000,0.000989
0.002000,50.615738,18.914427,7.616454,3.782344,-7.600123,-0.000000,0.000984
0.002000,50.623288,18.914434,7.624003,3.767143,-7.600123,0.000000,0.000980
0.002000,50.630807,18.914441,7.631522,3.751943,-7.600123,0.000000,0.000975
0.002000,50.638295,18.914449,7.639011,3.736743,-7.600123,-0.000000,0.000970
0.002000,50.645754,18.914456,7.646469,3.721543,-7.600123,0.000000,0.000966
0.002000,50.653182,18.914463,7.653897,3.706342,-7.600123,0.000000,0.000961
0.002000,50.660579,18.914470,7.661295,3.691142,-7.600123,0.000000,0.000956
0.002000,50.667946,18.914477,7.668662,3.675942,-7.600123,-0.000000,0.000952
0.002000,50.675283,18.914484,7.675998,3.660742,-7.600123,0.000000,0.000947
0.002000,50.682589,18.914491,7.683305,3.645541,-7.600123,0.000000,0.000942
0.002000,50.689865,18.914498,7.690581,3.630341,-7.600123,-0.000000,0.000937
0.002000,50.697110,18.914505,7.697826,3.615141,-7.600123,0.000000,0.000933
0.002000,50.704326,18.914511,7.705041,3.599941,-7.600123,-0.000000,0.000928
0.002000,50.711510,18.914518,7.712226,3.584740,-7.600123,-0.000000,0.000923
0.002000,50.718665,18.914525,7.719380,3.569540,-7.600123,0.000000,0.000918
0.002000,50.725788,18.914531,7.726504,3.554340,-7.600123,0.000000,0.000913
0.002000,50.732882,18.914538,7.733597,3.539140,-7.600123,-0.000000,0.000908
0.002000,50.739945,18.914544,7.740661,3.523939,-7.600123,0.000000,0.000903
0.002000,50.746978,18.914550,7.747693,3.508739,-7.600123,0.000000,0.000898
0.002000,50.753980,18.914557,7.754695,3.493539,-7.600123,-0.000000,0.000893
0.002000,50.760952,18.914563,7.761667,3.478339,-7.600123,0.000000,0.000888
0.002000,50.767893,18.914569,7.768609,3.463138,-7.600123,0.000000,0.000883
0.002000,50.774804,18.914575,7.775520,3.447938,-7.600123,0.000000,0.000878
0.002000,50.781685,18.914581,7.782401,3.432738,-7.600123,-0.000000,0.000872
0.002000,50.788535,18.914587,7.789251,3.417538,-7.600123,0.000000,0.000867
0.002000,50.795355,18.914593,7.796071,3.402338,-7.600123,0.000000,0.000862
0.002000,50.802145,18.914599,7.802860,3.387137,-7.600123,-0.000000,0.000857
0.002000,50.808904,18.914605,7.809619,3.371937,-7.600123,0.000000,0.000852
0.002000,50.815632,18.914610,7.816348,3.356737,-7.600123,0.000000,0.000846
0.002000,50.822331,18.914616,7.823046,3.341537,-7.600123,-0.000000,0.000841
0.002000,50.828999,18.914621,7.829714,3.326336,-7.600123,0.000000,0.000836
0.002000,50.835636,18.914627,7.836352,3.311136,-7.600123,0.000000,0.000831
0.002000,50.842243,18.914632,7.842959,3.295936,-7.600123,-0.000000,0.000825
0.002000,50.848820,18.914638,7.849535,3.280736,-7.600123,0.000000,0.000820
0.002000,50.855366,18.914643,7.856082,3.265535,-7.600123,0.000000,0.000815
0.002000,50.861882,18.914649,7.862597,3.250335,-7.600123,-0.000000,0.000809
0.002000,50.868367,18.914654,7.869083,3.235135,-7.600123,0.000000,0.000804
0.002000,50.874822,18.914659,7.875538,3.219935,-7.600123,0.000000,0.000798
0.002000,50.881247,18.914664,7.881963,3.204734,-7.600123,0.000000,0.000793
0.002000,50.887641,18.914669,7.888357,3.189534,-7.600123,-0.000000,0.000788
0.002000,50.894005,18.914674,7.894721,3.174334,-7.600123,0.000000,0.000782
0.002000,50.900339,18.914679,7.901054,3.159134,-7.600123,0.000000,0.000777
0.002000,50.906642,18.914684,7.907357,3.143933,-7.600123,0.000000,0.000771
0.002000,50.912914,18.914689,7.913630,3.128733,-7.600123,0.000000,0.000766
0.002000,50.919157,18.914694,7.919872,3.113533,-7.600123,0.000000,0.000760
0.002000,50.925369,18.914698,7.926084,3.098333,-7.600123,-0.000000,0.000755
0.002000,50.931550,18.914703,7.932266,3.083132,-7.600123,0.000000,0.000749
0.002000,50.937701,18.914707,7.938417,3.067932,-7.600123,0.000000,0.000744
0.002000,50.943822,18.914712,7.944537,3.052732,-7.600123,-0.000000,0.000738
0.002000,50.949912,18.914716,7.950628,3.037532,-7.600123,0.000000,0.000733
0.002000,50.955972,18.914721,7.956687,3.022331,-7.600123,0.000000,0.000727
0.002000,50.962001,18.914725,7.962717,3.007131,-7.600123,-0.000000,0.000722
0.002000,50.968000,18.914730,7.968716,2.991931,-7.600123,0.000000,0.000716
0.002000,50.973969,18.914734,7.974685,2.976731,-7.600123,0.000000,0.000711
0.002000,50.979907,18.914738,7.980623,2.961530,-7.600123,0.000000,0.000705
0.002000,50.985815,18.914742,7.986531,2.946330,-7.600123,-0.000000,0.000700
0.002000,50.991693,18.914746,7.992408,2.931130,-7.600123,0.000000,0.000694
0.002000,50.997540,18.914750,7.998255,2.915930,-7.600123,0.000000,0.000688
0.002000,51.003356,18.914754,8.004072,2.900729,-7.600123,-0.000000,0.000683
0.002000,51.009143,18.914758,8.009858,2.885529,-7.600123,0.000000,0.000677
0.002000,51.014898,18.914762,8.015614,2.870329,-7.600123,0.000000,0.000672
0.002000,51.020624,18.914766,8.021340,2.855129,-7.600123,-0.000000,0.000666
0.002000,51.026319,18.914770,8.027035,2.839928,-7.600123,0.000000,0.000661
0.002000,51.031984,18.914773,8.032699,2.824728,-7.600123,0.000000,0.000655
0.002000,51.037618,18.914777,8.038333,2.809528,-7.600123,-0.000000,0.000650
0.002000,51.043222,18.914781,8.043937,2.794328,-7.600123,0.000000,0.000644
0.002000,51.048795,18.914784,8.049511,2.779127,-7.600123,0.000000,0.000638
0.002000,51.054338,18.914788,8.055054,2.763927,-7.600123,0.000000,0.000633
0.002000,51.059851,18.914791,8.060567,2.748727,-7.600123,-0.000000,0.000627
0.002000,51.065333,18.914795,8.066049,2.733527,-7.600123,0.000000,0.000622
0.002000,51.070785,18.914798,8.071501,2.718326,-7.600123,0.000000,0.000616
0.002000,51.076206,18.914801,8.076922,2.703126,-7.600123,-0.000000,0.000611
0.002000,51.081597,18.914805,8.082313,2.687926,-7.600123,0.000000,0.000605
0.002000,51.086958,18.914808,8.087674,2.672726,-7.600123,0.000000,0.000599
0.002000,51.092288,18.914811,8.093004,2.657525,-7.600123,-0.000000,0.000594
0.002000,51.097588,18.914814,8.098304,2.642325,-7.600123,0.000000,0.000588
0.002000,51.102858,18.914817,8.103573,2.627125,-7.600123,0.000000,0.000583
0.002000,51.108097,18.914820,8.108812,2.611925,-7.600123,-0.000000,0.000577
0.002000,51.113305,18.914823,8.114021,2.596724,-7.600123,0.000000,0.000572
0.002000,51.118484,18.914826,8.119199,2.581524,-7.600123,0.000000,0.000566
0.002000,51.123631,18.914829,8.124347,2.566324,-7.600123,-0.000000,0.000561
0.002000,51.128749,18.914832,8.129465,2.551124,-7.600123,0.000000,0.000555
0.002000,51.133836,18.914835,8.134552,2.535923,-7.600123,0.000000,0.000550
0.002000,51.138893,18.914838,8.139608,2.520723,-7.600123,-0.000000,0.000544
0.002000,51.143919,18.914840,8.144635,2.505523,-7.600123,0.000000,0.000539
0.002000,51.148915,18.914843,8.149630,2.490323,-7.600123,0.000000,0.000533
0.002000,51.153880,18.914846,8.154596,2.475122,-7.600123,0.000000,0.000528
0.002000,51.158815,18.914848,8.159531,2.459922,-7.600123,-0.000000,0.000522
0.002000,51.163720,18.914851,8.164435,2.444722,-7.600123,0.000000,0.000517
0.002000,51.168594,18.914853,8.169310,2.429522,-7.600123,0.000000,0.000512
0.002000,51.173438,18.914856,8.174154,2.414321,-7.600123,-0.000000,0.000506
0.002000,51.178251,18.914858,8.178967,2.399121,-7.600123,0.000000,0.000501
0.002000,51.183034,18.914861,8.183750,2.383921,-7.600123,0.000000,0.000495
0.002000,51.187787,18.914863,8.188503,2.368721,-7.600123,-0.000000,0.000490
0.002000,51.192509,18.914865,8.193225,2.353520,-7.600123,0.000000,0.000485
0.002000,51.197201,18.914868,8.197917,2.338320,-7.600123,0.000000,0.000479
0.002000,51.201863,18.914870,8.202578,2.323120,-7.600123,-0.000000,0.000474
0.002000,51.206494,18.914872,8.207209,2.307920,-7.600123,0.000000,0.000469
0.002000,51.211094,18.914874,8.211810,2.292719,-7.600123,0.000000,0.000463
0.002000,51.215664,18.914876,8.216380,2.277519,-7.600123,0.000000,0.000458
0.002000,51.220204,18.914878,8.220920,2.262319,-7.600123,-0.000000,0.000453
0.002000,51.224714,18.914880,8.225429,2.247119,-7.600123,0.000000,0.000448
0.002000,51.229193,18.914882,8.229908,2.231919,-7.600123,0.000000,0.000442
0.002000,51.233641,18.914884,8.234357,2.216718,-7.600123,-0.000000,0.000437
0.002000,51.238060,18.914886,8.238775,2.201518,-7.600123,0.000000,0.000432
0.002000,51.242447,18.914888,8.243163,2.186318,-7.600123,-0.000000,0.000427
0.002000,51.246805,18.914890,8.247521,2.171118,-7.600123,-0.000000,0.000422
0.002000,51.251132,18.914892,8.251848,2.155917,-7.600123,0.000000,0.000416
0.002000,51.255429,18.914893,8.256144,2.140717,-7.600123,0.000000,0.000411
0.002000,51.259695,18.914895,8.260411,2.125517,-7.600123,-0.000000,0.000406
0.002000,51.263931,18.914897,8.264646,2.110317,-7.600123,0.000000,0.000401
0.002000,51.268136,18.914899,8.268852,2.095116,-7.600123,0.000000,0.000396
0.002000,51.272311,18.914900,8.273027,2.079916,-7.600123,-0.000000,0.000391
0.002000,51.276456,18.914902,8.277171,2.064716,-7.600123,0.000000,0.000386
0.002000,51.280570,18.914903,8.281286,2.049516,-7.600123,0.000000,0.000381
0.002000,51.284654,18.914905,8.285370,2.034315,-7.600123,0.000000,0.000376
0.002000,51.288707,18.914906,8.289423,2.019115,-7.600123,-0.000000,0.000371
0.002000,51.292730,18.914908,8.293446,2.003915,-7.600123,0.000000,0.000366
0.002000,51.296723,18.914909,8.297439,1.988715,-7.600123,-0.000000,0.000361
0.002000,51.300685,18.914911,8.301401,1.973514,-7.600123,0.000000,0.000356
0.002000,51.304617,18.914912,8.305333,1.958314,-7.600123,-0.000000,0.000351
0.002000,51.308518,18.914914,8.309234,1.943114,-7.600123,0.000000,0.000346
0.002000,51.312389,18.914915,8.313105,1.927914,-7.600123,0.000000,0.000342
0.002000,51.316230,18.914916,8.316946,1.912713,-7.600123,-0.000000,0.000337
0.002000,51.320040,18.914918,8.320756,1.897513,-7.600123,0.000000,0.000332
0.002000,51.323820,18.914919,8.324536,1.882313,-7.600123,0.000000,0.000327
0.002000,51.327569,18.914920,8.328285,1.867113,-7.600123,-0.000000,0.000322
0.002000,51.331289,18.914921,8.332004,1.851912,-7.600123,0.000000,0.000318
0.002000,51.334977,18.914922,8.335693,1.836712,-7.600123,0.000000,0.000313
0.002000,51.338635,18.914923,8.339351,1.821512,-7.600123,-0.000000,0.000308
0.002000,51.342263,18.914925,8.342979,1.806312,-7.600123,0.000000,0.000304
0.002000,51.345861,18.914926,8.346576,1.791111,-7.600123,-0.000000,0.000299
0.002000,51.349428,18.914927,8.350143,1.775911,-7.600123,0.000000,0.000295
0.002000,51.352964,18.914928,8.353680,1.760711,-7.600123,0.000000,0.000290
0.002000,51.356470,18.914929,8.357186,1.745511,-7.600123,-0.000000,0.000286
0.002000,51.359946,18.914930,8.360662,1.730310,-7.600123,0.000000,0.000281
0.002000,51.363392,18.914931,8.364107,1.715110,-7.600123,-0.000000,0.000277
0.002000,51.366807,18.914932,8.367522,1.699910,-7.600123,0.000000,0.000272
0.002000,51.370191,18.914933,8.370907,1.684710,-7.600123,0.000000,0.000268
0.002000,51.373546,18.914933,8.374261,1.669509,-7.600123,-0.000000,0.000263
0.002000,51.376869,18.914934,8.377585,1.654309,-7.600123,0.000000,0.000259
0.002000,51.380163,18.914935,8.380879,1.639109,-7.600123,0.000000,0.000255
0.002000,51.383426,18.914936,8.384142,1.623909,-7.600123,-0.000000,0.000250
0.002000,51.386658,18.914937,8.387374,1.608708,-7.600123,0.000000,0.000246
0.002000,51.389861,18.914938,8.390576,1.593508,-7.600123,-0.000000,0.000242
0.002000,51.393032,18.914938,8.393748,1.578308,-7.600123,0.000000,0.000238
0.002000,51.396174,18.914939,8.396890,1.563108,-7.600123,0.000000,0.000233
0.002000,51.399285,18.914940,8.400001,1.547907,-7.600123,-0.000000,0.000229
0.002000,51.402366,18.914940,8.403081,1.532707,-7.600123,0.000000,0.000225
0.002000,51.405416,18.914941,8.406131,1.517507,-7.600123,0.000000,0.000221
0.002000,51.408436,18.914942,8.409151,1.502307,-7.600123,-0.000000,0.000217
0.002000,51.411425,18.914942,8.412141,1.487106,-7.600123,0.000000,0.000213
0.002000,51.414384,18.914943,8.415100,1.471906,-7.600123,-0.000000,0.000209
0.002000,51.417313,18.914944,8.418028,1.456706,-7.600123,0.000000,0.000205
0.002000,51.420211,18.914944,8.420927,1.441506,-7.600123,0.000000,0.000201
0.002000,51.423079,18.914945,8.423794,1.426305,-7.600123,-0.000000,0.000197
0.002000,51.425916,18.914945,8.426632,1.411105,-7.600123,0.000000,0.000194
0.002000,51.428723,18.914946,8.429439,1.395905,-7.600123,0.000000,0.000190
0.002000,51.431500,18.914946,8.432215,1.380705,-7.600123,-0.000000,0.000186
0.002000,51.434246,18.914947,8.434962,1.365504,-7.600123,0.000000,0.000182
0.002000,51.436962,18.914947,8.437677,1.350304,-7.600123,-0.000000,0.000178
0.002000,51.439647,18.914948,8.440363,1.335104,-7.600123,0.000000,0.000175
0.002000,51.442302,18.914948,8.443018,1.319904,-7.600123,0.000000,0.000171
0.002000,51.444927,18.914949,8.445642,1.304703,-7.600123,-0.000000,0.000168
0.002000,51.447521,18.914949,8.448237,1.289503,-7.600123,0.000000,0.000164
0.002000,51.450085,18.914950,8.450800,1.274303,-7.600123,0.000000,0.000160
0.002000,51.452618,18.914950,8.453334,1.259103,-7.600123,-0.000000,0.000157
0.002000,51.455121,18.914950,8.455837,1.243902,-7.600123,0.000000,0.000154
0.002000,51.457594,18.914951,8.458309,1.228702,-7.600123,-0.000000,0.000150
0.002000,51.460036,18.914951,8.460752,1.213502,-7.600123,0.000000,0.000147
0.002000,51.462448,18.914952,8.463163,1.198302,-7.600123,0.000000,0.000143
0.002000,51.464829,18.914952,8.465545,1.183101,-7.600123,-0.000000,0.000140
0.002000,51.467180,18.914952,8.467896,1.167901,-7.600123,0.000000,0.000137
0.002000,51.469501,18.914953,8.470216,1.152701,-7.600123,0.000000,0.000134
0.002000,51.471791,18.914953,8.472507,1.137501,-7.600123,-0.000000,0.000130
0.002000,51.474051,18.914953,8.474766,1.122301,-7.600123,0.000000,0.000127
0.002000,51.476280,18.914953,8.476996,1.107100,-7.600123,-0.000000,0.000124
0.002000,51.478479,18.914954,8.479195,1.091900,-7.600123,0.000000,0.000121
0.002000,51.480648,18.914954,8.481363,1.076700,-7.600123,0.000000,0.000118
0.002000,51.482786,18.914954,8.483502,1.061500,-7.600123,-0.000000,0.000115
0.002000,51.484894,18.914954,8.485609,1.046299,-7.600123,0.000000,0.000112
0.002000,51.486971,18.914955,8.487687,1.031099,-7.600123,0.000000,0.000109
0.002000,51.489018,18.914955,8.489734,1.015899,-7.600123,-0.000000,0.000106
0.002000,51.491035,18.914955,8.491750,1.000699,-7.600123,0.000000,0.000103
0.002000,51.493021,18.914955,8.493737,0.985498,-7.600123,-0.000000,0.000100
0.002000,51.494977,18.914955,8.495692,0.970298,-7.600123,0.000000,0.000098
0.002000,51.496902,18.914956,8.497618,0.955098,-7.600123,-0.000000,0.000095
0.002000,51.498797,18.914956,8.499513,0.939898,-7.600123,0.000000,0.000092
0.002000,51.500662,18.914956,8.501377,0.924697,-7.600123,-0.000000,0.000089
0.002000,51.502496,18.914956,8.503212,0.909497,-7.600123,0.000000,0.000087
0.002000,51.504300,18.914956,8.505015,0.894297,-7.600123,-0.000000,0.000084
0.002000,51.506073,18.914956,8.506789,0.879097,-7.600123,0.000000,0.000082
0.002000,51.507816,18.914957,8.508532,0.863896,-7.600123,0.000000,0.000079
0.002000,51.509529,18.914957,8.510244,0.848696,-7.600123,0.000000,0.000077
0.002000,51.511211,18.914957,8.511927,0.833496,-7.600123,0.000000,0.000074
0.002000,51.512863,18.914957,8.513578,0.818296,-7.600123,0.000000,0.000072
0.002000,51.514484,18.914957,8.515200,0.803095,-7.600123,0.000000,0.000070
0.002000,51.516075,18.914957,8.516791,0.787895,-7.600123,0.000000,0.000067
0.002000,51.517636,18.914957,8.518351,0.772695,-7.600123,-0.000000,0.000065
0.002000,51.519166,18.914957,8.519882,0.757495,-7.600123,0.000000,0.000063
0.002000,51.520666,18.914958,8.521381,0.742294,-7.600123,0.000000,0.000061
0.002000,51.522135,18.914958,8.522851,0.727094,-7.600123,0.000000,0.000059
0.002000,51.523574,18.914958,8.524290,0.711894,-7.600123,0.000000,0.000057
0.002000,51.524983,18.914958,8.525698,0.696694,-7.600123,0.000000,0.000054
0.002000,51.526361,18.914958,8.527076,0.681493,-7.600123,0.000000,0.000052
0.002000,51.527709,18.914958,8.528424,0.666293,-7.600123,0.000000,0.000051
0.002000,51.529026,18.914958,8.529742,0.651093,-7.600123,-0.000000,0.000049
0.002000,51.530313,18.914958,8.531029,0.635893,-7.600123,0.000000,0.000047
0.002000,51.531570,18.914958,8.532285,0.620692,-7.600123,0.000000,0.000045
0.002000,51.532796,18.914958,8.533511,0.605492,-7.600123,0.000000,0.000043
0.002000,51.533991,18.914958,8.534707,0.590292,-7.600123,0.000000,0.000041
0.002000,51.535157,18.914958,8.535873,0.575092,-7.600123,0.000000,0.000040
0.002000,51.536292,18.914958,8.537008,0.559891,-7.600123,0.000000,0.000038
0.002000,51.537396,18.914958,8.538112,0.544691,-7.600123,0.000000,0.000036
0.002000,51.538471,18.914958,8.539186,0.529491,-7.600123,0.000000,0.000035
0.002000,51.539514,18.914958,8.540230,0.514291,-7.600123,-0.000000,0.000033
0.002000,51.540528,18.914958,8.541243,0.499090,-7.600123,0.000000,0.000032
0.002000,51.541511,18.914958,8.542226,0.483890,-7.600123,0.000000,0.000030
0.002000,51.542463,18.914959,8.543179,0.468848,-7.521077,39.522945,0.000029
0.002000,51.543386,18.914959,8.544102,0.454043,-7.402326,59.375964,0.000028
0.002000,51.544280,18.914959,8.544996,0.439476,-7.283574,59.375964,0.000026
0.002000,51.545145,18.914959,8.545860,0.425147,-7.164822,59.375964,0.000025
0.002000,51.545981,18.914959,8.546696,0.411054,-7.046070,59.375964,0.000024
0.002000,51.546789,18.914959,8.547505,0.397200,-6.927318,59.375964,0.000023
0.002000,51.547570,18.914959,8.548285,0.383583,-6.808566,59.375964,0.000021
0.002000,51.548324,18.914959,8.549039,0.370203,-6.689814,59.375964,0.000020
0.002000,51.549051,18.914959,8.549767,0.357061,-6.571062,59.375964,0.000019
0.002000,51.549752,18.914959,8.550468,0.344156,-6.452310,59.375964,0.000018
0.002000,51.550428,18.914959,8.551143,0.331489,-6.333558,59.375964,0.000017
0.002000,51.551078,18.914959,8.551794,0.319060,-6.214806,59.375964,0.000016
0.002000,51.551704,18.914959,8.552420,0.306867,-6.096054,59.375964,0.000015
0.002000,51.552306,18.914959,8.553022,0.294913,-5.977302,59.375964,0.000015
0.002000,51.552884,18.914959,8.553600,0.283196,-5.858550,59.375964,0.000014
0.002000,51.553439,18.914959,8.554155,0.271716,-5.739799,59.375964,0.000013
0.002000,51.553971,18.914959,8.554687,0.260474,-5.621047,59.375964,0.000012
0.002000,51.554481,18.914959,8.555197,0.249469,-5.502295,59.375964,0.000011
0.002000,51.554969,18.914959,8.555685,0.238702,-5.383543,59.375964,0.000011
0.002000,51.555436,18.914959,8.556152,0.228173,-5.264791,59.375964,0.000010
0.002000,51.555882,18.914959,8.556598,0.217881,-5.146039,59.375964,0.000009
0.002000,51.556308,18.914959,8.557024,0.207826,-5.027287,59.375964,0.000009
0.002000,51.556714,18.914959,8.557429,0.198009,-4.908535,59.375964,0.000008
0.002000,51.557100,18.914959,8.557816,0.188429,-4.789783,59.375964,0.000007
0.002000,51.557468,18.914959,8.558183,0.179087,-4.671031,59.375964,0.000007
0.002000,51.557817,18.914959,8.558532,0.169983,-4.552279,59.375964,0.000006
0.002000,51.558148,18.914959,8.558864,0.161116,-4.433527,59.375964,0.000006
0.002000,51.558461,18.914959,8.559177,0.152486,-4.314775,59.375964,0.000005
0.002000,51.558758,18.914959,8.559474,0.144094,-4.196023,59.375964,0.000005
0.002000,51.559038,18.914959,8.559754,0.135940,-4.077272,59.375964,0.000005
0.002000,51.559302,18.914959,8.560018,0.128023,-3.958520,59.375964,0.000004
0.002000,51.559550,18.914959,8.560266,0.120343,-3.839768,59.375964,0.000004
0.002000,51.559784,18.914959,8.560499,0.112901,-3.721016,59.375964,0.000003
0.002000,51.560002,18.914959,8.560718,0.105697,-3.602264,59.375964,0.000003
0.002000,51.560207,18.914959,8.560922,0.098730,-3.483512,59.375964,0.000003
0.002000,51.560397,18.914959,8.561113,0.092000,-3.364760,59.375964,0.000003
0.002000,51.560575,18.914959,8.561291,0.085508,-3.246008,59.375964,0.000002
0.002000,51.560740,18.914959,8.561455,0.079253,-3.127256,59.375964,0.000002
0.002000,51.560892,18.914959,8.561608,0.073236,-3.008504,59.375964,0.000002
0.002000,51.561033,18.914959,8.561749,0.067457,-2.889752,59.375964,0.000002
0.002000,51.561162,18.914959,8.561878,0.061915,-2.771000,59.375964,0.000001
0.002000,51.561281,18.914959,8.561996,0.056610,-2.652248,59.375964,0.000001
0.002000,51.561389,18.914959,8.562105,0.051543,-2.533497,59.375964,0.000001
0.002000,51.561487,18.914959,8.562203,0.046714,-2.414745,59.375964,0.000001
0.002000,51.561576,18.914959,8.562292,0.042122,-2.295993,59.375964,0.000001
0.002000,51.561656,18.914959,8.562372,0.037768,-2.177241,59.375964,0.000001
0.002000,51.561727,18.914959,8.562443,0.033651,-2.058489,59.375964,0.000001
0.002000,51.561791,18.914959,8.562506,0.029771,-1.939737,59.375964,0.000000
0.002000,51.561847,18.914959,8.562562,0.026129,-1.820985,59.375964,0.000000
0.002000,51.561895,18.914959,8.562611,0.022725,-1.702233,59.375964,0.000000
0.002000,51.561938,18.914959,8.562653,0.019558,-1.583481,59.375964,0.000000
0.002000,51.561974,18.914959,8.562690,0.016628,-1.464729,59.375964,0.000000
0.002000,51.562004,18.914959,8.562720,0.013936,-1.345977,59.375964,0.000000
0.002000,51.562030,18.914959,8.562746,0.011482,-1.227225,59.375964,0.000000
0.002000,51.562051,18.914959,8.562766,0.009265,-1.108473,59.375964,0.000000
0.002000,51.562067,18.914959,8.562783,0.007285,-0.989721,59.375964,0.000000
0.002000,51.562080,18.914959,8.562796,0.005543,-0.870970,59.375964,0.000000
0.002000,51.562090,18.914959,8.562805,0.004039,-0.752218,59.375964,0.000000
0.002000,51.562096,18.914959,8.562812,0.002772,-0.633466,59.375964,0.000000
0.002000,51.562101,18.914959,8.562817,0.001743,-0.514714,59.375964,0.000000
0.002000,51.562104,18.914959,8.562819,0.000951,-0.395962,59.375964,0.000000
0.002000,51.562105,18.914959,8.562821,0.000396,-0.277210,59.375964,0.000000
0.002000,51.562105,18.914959,8.562821,0.000079,-0.158458,59.375964,0.000000
0.002000,51.562106,18.914959,8.562821,0.000000,-0.039706,59.375964,0.000000
0.002000,51.562106,18.914959,8.562821,0.000000,0.000000,19.853019,0.000000
